,bio2,bio3,bio5,bio8,bio9,bio15,bio16,bio18
2,134.0,33.0,257.0,141.0,-67.0,65.0,166.0,152.0
3,137.0,34.0,251.0,136.0,-3.0,46.0,176.0,167.0
10,112.0,31.0,169.0,80.0,-70.0,21.0,211.0,211.0
14,124.0,32.0,191.0,99.0,-54.0,42.0,244.0,244.0
20,130.0,33.0,208.0,122.0,-34.0,51.0,237.0,237.0
24,135.0,33.0,220.0,134.0,-39.0,67.0,300.0,300.0
25,122.0,28.0,216.0,136.0,-41.0,46.0,235.0,235.0
26,123.0,26.0,217.0,140.0,-63.0,62.0,245.0,245.0
27,125.0,26.0,220.0,143.0,-62.0,62.0,249.0,249.0
28,115.0,27.0,218.0,142.0,-39.0,43.0,212.0,212.0
29,119.0,26.0,224.0,144.0,-58.0,49.0,191.0,191.0
30,113.0,21.0,225.0,145.0,-120.0,44.0,144.0,144.0
31,112.0,21.0,223.0,145.0,-123.0,43.0,143.0,143.0
33,127.0,35.0,200.0,39.0,67.0,19.0,212.0,184.0
46,107.0,31.0,166.0,84.0,-66.0,28.0,220.0,220.0
53,132.0,32.0,225.0,140.0,-32.0,58.0,275.0,275.0
54,119.0,32.0,172.0,61.0,-56.0,26.0,216.0,199.0
55,136.0,35.0,246.0,128.0,-60.0,42.0,183.0,167.0
56,129.0,34.0,213.0,56.0,27.0,19.0,208.0,182.0
65,112.0,32.0,161.0,80.0,-71.0,43.0,245.0,245.0
70,125.0,27.0,207.0,129.0,-62.0,62.0,275.0,275.0
71,137.0,31.0,269.0,154.0,-8.0,47.0,138.0,135.0
72,136.0,35.0,236.0,121.0,-10.0,43.0,186.0,175.0
83,136.0,34.0,218.0,101.0,-20.0,33.0,198.0,186.0
89,141.0,31.0,276.0,155.0,-15.0,56.0,134.0,124.0
90,134.0,38.0,322.0,152.0,208.0,18.0,412.0,304.0
91,135.0,39.0,320.0,70.0,210.0,18.0,436.0,321.0
92,128.0,37.0,307.0,55.0,198.0,17.0,437.0,323.0
93,136.0,41.0,313.0,76.0,208.0,20.0,461.0,345.0
94,137.0,41.0,319.0,75.0,210.0,19.0,439.0,325.0
95,135.0,40.0,324.0,78.0,215.0,20.0,427.0,314.0
96,132.0,39.0,325.0,83.0,217.0,19.0,431.0,334.0
97,140.0,40.0,322.0,70.0,211.0,19.0,446.0,326.0
98,133.0,39.0,329.0,121.0,220.0,21.0,442.0,312.0
99,139.0,42.0,333.0,101.0,227.0,20.0,457.0,346.0
100,136.0,41.0,334.0,100.0,228.0,21.0,442.0,331.0
101,129.0,40.0,330.0,101.0,229.0,22.0,424.0,319.0
102,130.0,40.0,331.0,95.0,226.0,20.0,435.0,316.0
104,127.0,40.0,327.0,99.0,227.0,21.0,430.0,331.0
107,138.0,42.0,326.0,90.0,219.0,21.0,426.0,330.0
114,130.0,40.0,326.0,90.0,222.0,19.0,448.0,345.0
115,142.0,40.0,321.0,151.0,209.0,19.0,445.0,319.0
116,130.0,38.0,318.0,69.0,210.0,19.0,424.0,310.0
117,132.0,40.0,332.0,126.0,224.0,20.0,436.0,317.0
118,134.0,40.0,332.0,130.0,226.0,21.0,434.0,315.0
124,133.0,38.0,320.0,153.0,209.0,18.0,431.0,311.0
125,131.0,39.0,304.0,55.0,195.0,17.0,445.0,334.0
126,134.0,40.0,330.0,122.0,221.0,21.0,446.0,315.0
127,132.0,40.0,328.0,86.0,221.0,19.0,440.0,334.0
128,133.0,39.0,321.0,76.0,213.0,19.0,431.0,323.0
129,132.0,41.0,331.0,98.0,228.0,22.0,437.0,320.0
135,131.0,38.0,317.0,149.0,206.0,18.0,418.0,312.0
137,131.0,38.0,322.0,154.0,210.0,18.0,419.0,308.0
138,130.0,38.0,318.0,69.0,210.0,19.0,424.0,310.0
139,130.0,38.0,313.0,66.0,206.0,19.0,431.0,312.0
140,137.0,41.0,319.0,75.0,210.0,19.0,439.0,325.0
145,140.0,42.0,325.0,85.0,217.0,20.0,444.0,335.0
146,136.0,40.0,314.0,106.0,205.0,18.0,437.0,330.0
147,132.0,41.0,320.0,90.0,220.0,21.0,451.0,345.0
148,130.0,38.0,317.0,64.0,207.0,18.0,419.0,309.0
149,135.0,39.0,318.0,64.0,205.0,18.0,436.0,314.0
150,136.0,40.0,328.0,117.0,217.0,20.0,435.0,311.0
151,131.0,39.0,316.0,70.0,209.0,19.0,435.0,325.0
152,138.0,41.0,317.0,79.0,211.0,20.0,455.0,343.0
153,141.0,42.0,319.0,78.0,210.0,20.0,451.0,335.0
160,127.0,23.0,203.0,112.0,-161.0,78.0,142.0,142.0
162,106.0,20.0,204.0,131.0,-140.0,58.0,139.0,139.0
163,109.0,22.0,213.0,141.0,-103.0,69.0,165.0,165.0
164,111.0,22.0,210.0,130.0,-139.0,67.0,148.0,148.0
165,122.0,26.0,198.0,111.0,-103.0,57.0,169.0,169.0
166,131.0,25.0,222.0,130.0,-106.0,65.0,145.0,145.0
167,125.0,23.0,201.0,120.0,-140.0,91.0,153.0,153.0
168,120.0,25.0,184.0,101.0,-130.0,85.0,155.0,155.0
169,108.0,25.0,171.0,96.0,-120.0,68.0,182.0,182.0
170,98.0,25.0,164.0,96.0,-48.0,59.0,205.0,205.0
172,55.0,31.0,160.0,44.0,103.0,35.0,1030.0,609.0
173,108.0,21.0,210.0,141.0,-114.0,53.0,158.0,158.0
176,124.0,27.0,206.0,105.0,-8.0,39.0,169.0,161.0
181,65.0,33.0,137.0,38.0,71.0,35.0,859.0,572.0
182,57.0,30.0,154.0,49.0,109.0,20.0,488.0,377.0
183,111.0,21.0,207.0,131.0,-138.0,61.0,137.0,137.0
184,77.0,25.0,167.0,110.0,-56.0,41.0,245.0,206.0
185,86.0,27.0,171.0,110.0,-79.0,40.0,220.0,186.0
186,131.0,27.0,191.0,105.0,-112.0,62.0,159.0,159.0
187,70.0,30.0,173.0,56.0,78.0,36.0,772.0,377.0
188,69.0,31.0,169.0,56.0,104.0,35.0,780.0,386.0
193,118.0,22.0,179.0,93.0,-208.0,60.0,132.0,132.0
195,76.0,22.0,142.0,87.0,-119.0,63.0,208.0,169.0
196,114.0,22.0,203.0,122.0,-159.0,61.0,156.0,156.0
197,116.0,22.0,200.0,117.0,-174.0,59.0,141.0,141.0
198,110.0,23.0,214.0,140.0,-98.0,72.0,172.0,172.0
199,116.0,22.0,157.0,71.0,-238.0,65.0,122.0,122.0
200,115.0,22.0,171.0,89.0,-223.0,60.0,100.0,100.0
202,122.0,23.0,219.0,135.0,-128.0,66.0,184.0,184.0
203,113.0,22.0,216.0,136.0,-131.0,68.0,149.0,149.0
204,133.0,24.0,206.0,114.0,-146.0,92.0,138.0,138.0
205,73.0,21.0,128.0,77.0,-135.0,63.0,210.0,167.0
206,103.0,21.0,194.0,103.0,-51.0,57.0,184.0,179.0
207,76.0,22.0,138.0,84.0,-124.0,62.0,206.0,168.0
210,72.0,21.0,124.0,74.0,-139.0,62.0,212.0,168.0
211,66.0,31.0,165.0,58.0,102.0,35.0,848.0,412.0
213,107.0,22.0,202.0,112.0,-110.0,55.0,208.0,190.0
217,153.0,43.0,354.0,257.0,189.0,43.0,91.0,72.0
218,165.0,46.0,313.0,212.0,151.0,51.0,196.0,165.0
219,158.0,42.0,410.0,314.0,248.0,50.0,51.0,36.0
220,157.0,44.0,414.0,293.0,258.0,54.0,35.0,22.0
221,152.0,43.0,413.0,325.0,262.0,55.0,48.0,33.0
227,160.0,45.0,282.0,179.0,119.0,39.0,199.0,164.0
228,181.0,47.0,326.0,217.0,153.0,52.0,165.0,139.0
229,172.0,44.0,315.0,208.0,144.0,48.0,153.0,123.0
230,161.0,43.0,417.0,322.0,256.0,60.0,31.0,21.0
231,168.0,44.0,410.0,314.0,250.0,52.0,65.0,48.0
232,176.0,45.0,411.0,310.0,246.0,50.0,66.0,49.0
233,163.0,45.0,386.0,114.0,223.0,44.0,139.0,98.0
234,156.0,43.0,415.0,292.0,259.0,53.0,35.0,22.0
243,158.0,44.0,269.0,167.0,105.0,40.0,210.0,170.0
244,177.0,46.0,405.0,304.0,242.0,35.0,133.0,113.0
245,153.0,42.0,368.0,273.0,213.0,47.0,154.0,124.0
246,137.0,41.0,393.0,311.0,248.0,62.0,88.0,70.0
247,180.0,47.0,405.0,304.0,243.0,38.0,131.0,110.0
249,122.0,36.0,335.0,85.0,228.0,21.0,400.0,275.0
250,135.0,38.0,337.0,169.0,223.0,13.0,372.0,286.0
251,132.0,38.0,337.0,170.0,225.0,13.0,371.0,297.0
252,128.0,37.0,338.0,171.0,228.0,14.0,373.0,291.0
253,130.0,37.0,338.0,171.0,228.0,17.0,384.0,284.0
254,118.0,33.0,331.0,162.0,219.0,21.0,405.0,260.0
255,121.0,35.0,337.0,172.0,226.0,18.0,390.0,262.0
256,135.0,38.0,337.0,164.0,221.0,17.0,410.0,304.0
258,134.0,35.0,337.0,150.0,256.0,17.0,370.0,255.0
260,134.0,35.0,331.0,148.0,252.0,19.0,395.0,271.0
264,135.0,35.0,331.0,142.0,204.0,16.0,364.0,261.0
265,142.0,36.0,334.0,143.0,31.0,17.0,360.0,259.0
271,137.0,36.0,332.0,143.0,251.0,16.0,361.0,256.0
272,115.0,32.0,329.0,155.0,213.0,18.0,383.0,263.0
273,125.0,34.0,334.0,155.0,259.0,19.0,397.0,266.0
276,139.0,37.0,331.0,150.0,44.0,19.0,430.0,310.0
277,119.0,34.0,333.0,168.0,265.0,17.0,388.0,257.0
278,121.0,35.0,336.0,172.0,226.0,18.0,388.0,261.0
279,130.0,37.0,338.0,171.0,228.0,17.0,384.0,284.0
280,134.0,39.0,336.0,170.0,224.0,12.0,372.0,287.0
281,121.0,36.0,335.0,124.0,224.0,20.0,388.0,265.0
283,133.0,38.0,334.0,166.0,220.0,14.0,385.0,287.0
284,118.0,34.0,334.0,167.0,265.0,19.0,397.0,255.0
285,132.0,36.0,337.0,161.0,260.0,18.0,415.0,286.0
286,134.0,37.0,337.0,166.0,261.0,17.0,405.0,286.0
287,114.0,32.0,331.0,159.0,263.0,20.0,388.0,252.0
288,123.0,34.0,337.0,161.0,264.0,20.0,397.0,261.0
290,108.0,24.0,156.0,79.0,-141.0,34.0,220.0,220.0
294,124.0,25.0,175.0,95.0,-132.0,54.0,225.0,225.0
295,125.0,22.0,222.0,133.0,-108.0,51.0,130.0,130.0
296,121.0,22.0,212.0,125.0,-115.0,52.0,132.0,132.0
297,109.0,21.0,205.0,119.0,-138.0,44.0,139.0,139.0
301,109.0,22.0,180.0,90.0,-89.0,45.0,159.0,159.0
304,130.0,37.0,274.0,180.0,-6.0,11.0,296.0,289.0
305,135.0,38.0,293.0,206.0,8.0,14.0,282.0,275.0
312,129.0,37.0,301.0,207.0,22.0,11.0,284.0,281.0
313,129.0,37.0,300.0,208.0,23.0,10.0,294.0,284.0
323,127.0,38.0,273.0,185.0,65.0,12.0,343.0,331.0
324,128.0,37.0,292.0,201.0,20.0,11.0,339.0,329.0
325,132.0,38.0,309.0,216.0,51.0,10.0,311.0,311.0
326,135.0,38.0,318.0,242.0,54.0,9.0,304.0,304.0
337,87.0,42.0,214.0,44.0,145.0,60.0,1062.0,203.0
338,85.0,39.0,203.0,27.0,137.0,62.0,661.0,125.0
339,96.0,33.0,202.0,-33.0,124.0,56.0,650.0,139.0
340,136.0,35.0,267.0,-51.0,158.0,53.0,227.0,68.0
341,127.0,33.0,297.0,-20.0,193.0,40.0,118.0,48.0
342,93.0,46.0,209.0,50.0,144.0,57.0,1320.0,279.0
343,107.0,43.0,247.0,46.0,165.0,63.0,750.0,109.0
344,125.0,33.0,310.0,1.0,205.0,42.0,76.0,26.0
345,122.0,34.0,288.0,-15.0,179.0,39.0,165.0,65.0
346,102.0,43.0,228.0,40.0,152.0,61.0,948.0,164.0
347,90.0,34.0,187.0,-29.0,112.0,63.0,973.0,166.0
351,121.0,36.0,281.0,3.0,181.0,55.0,155.0,36.0
352,89.0,36.0,212.0,14.0,143.0,47.0,665.0,176.0
353,86.0,34.0,193.0,-13.0,124.0,50.0,704.0,189.0
354,131.0,34.0,253.0,-57.0,148.0,48.0,221.0,77.0
355,124.0,34.0,272.0,-30.0,161.0,37.0,273.0,115.0
356,107.0,36.0,230.0,-17.0,145.0,63.0,606.0,100.0
357,108.0,34.0,219.0,-41.0,131.0,63.0,563.0,98.0
358,127.0,34.0,302.0,-10.0,199.0,46.0,86.0,30.0
360,97.0,36.0,206.0,-16.0,125.0,64.0,998.0,160.0
361,129.0,37.0,268.0,-19.0,166.0,55.0,171.0,42.0
363,95.0,35.0,212.0,-10.0,135.0,59.0,897.0,187.0
364,134.0,34.0,276.0,-42.0,169.0,48.0,178.0,60.0
365,81.0,38.0,171.0,-4.0,104.0,60.0,1083.0,208.0
366,92.0,39.0,217.0,22.0,143.0,49.0,935.0,228.0
367,115.0,35.0,241.0,-29.0,150.0,64.0,390.0,70.0
370,93.0,37.0,204.0,-2.0,127.0,58.0,1115.0,214.0
371,129.0,35.0,312.0,3.0,206.0,45.0,79.0,26.0
372,90.0,40.0,222.0,44.0,154.0,41.0,397.0,125.0
373,133.0,35.0,275.0,-34.0,166.0,28.0,120.0,70.0
374,132.0,34.0,290.0,-28.0,176.0,26.0,166.0,106.0
375,119.0,32.0,273.0,-33.0,167.0,27.0,214.0,128.0
376,83.0,39.0,223.0,50.0,161.0,44.0,399.0,118.0
377,122.0,37.0,248.0,-27.0,152.0,71.0,527.0,76.0
378,122.0,32.0,293.0,-22.0,190.0,39.0,99.0,41.0
379,124.0,34.0,291.0,-17.0,181.0,38.0,173.0,71.0
380,106.0,46.0,226.0,40.0,148.0,61.0,1033.0,178.0
381,102.0,42.0,226.0,28.0,147.0,55.0,837.0,173.0
382,98.0,41.0,236.0,44.0,162.0,46.0,622.0,166.0
383,108.0,31.0,243.0,-45.0,143.0,33.0,296.0,143.0
385,111.0,44.0,251.0,47.0,169.0,59.0,579.0,103.0
386,124.0,36.0,258.0,172.0,-13.0,13.0,339.0,332.0
387,131.0,37.0,276.0,184.0,-1.0,11.0,293.0,286.0
388,129.0,37.0,275.0,185.0,22.0,13.0,290.0,277.0
389,119.0,35.0,264.0,180.0,57.0,14.0,309.0,296.0
390,133.0,38.0,289.0,196.0,8.0,12.0,339.0,328.0
391,135.0,37.0,295.0,218.0,4.0,14.0,329.0,329.0
392,137.0,38.0,292.0,215.0,4.0,13.0,343.0,343.0
393,130.0,36.0,298.0,223.0,72.0,15.0,324.0,324.0
394,130.0,36.0,296.0,203.0,9.0,15.0,338.0,334.0
395,129.0,36.0,296.0,204.0,73.0,16.0,339.0,336.0
396,126.0,36.0,259.0,173.0,-15.0,13.0,403.0,398.0
397,138.0,38.0,290.0,213.0,4.0,14.0,362.0,362.0
398,132.0,37.0,267.0,175.0,-13.0,11.0,337.0,332.0
399,137.0,38.0,291.0,215.0,6.0,14.0,354.0,354.0
400,120.0,35.0,249.0,163.0,-24.0,9.0,351.0,342.0
401,126.0,36.0,263.0,171.0,-15.0,12.0,305.0,300.0
402,128.0,35.0,294.0,201.0,0.0,14.0,313.0,313.0
403,134.0,37.0,293.0,215.0,0.0,13.0,329.0,329.0
404,126.0,34.0,286.0,190.0,-13.0,17.0,324.0,316.0
405,133.0,36.0,291.0,193.0,-5.0,15.0,329.0,329.0
406,137.0,37.0,289.0,211.0,-2.0,13.0,353.0,353.0
407,133.0,36.0,289.0,191.0,-8.0,15.0,335.0,330.0
408,132.0,36.0,291.0,195.0,-4.0,14.0,330.0,327.0
409,135.0,36.0,287.0,188.0,-10.0,15.0,340.0,336.0
410,123.0,34.0,281.0,189.0,-10.0,15.0,338.0,334.0
411,129.0,36.0,271.0,179.0,-13.0,13.0,370.0,367.0
412,130.0,35.0,286.0,188.0,-10.0,16.0,279.0,272.0
413,131.0,36.0,286.0,191.0,-5.0,14.0,346.0,343.0
415,121.0,26.0,260.0,165.0,-111.0,44.0,297.0,295.0
417,125.0,27.0,259.0,163.0,-116.0,44.0,317.0,312.0
418,117.0,27.0,257.0,166.0,-102.0,40.0,296.0,292.0
419,121.0,26.0,257.0,163.0,-113.0,44.0,321.0,315.0
420,117.0,27.0,248.0,170.0,-91.0,34.0,306.0,306.0
421,122.0,27.0,252.0,170.0,-94.0,37.0,302.0,302.0
427,129.0,28.0,282.0,196.0,-95.0,49.0,325.0,325.0
428,130.0,28.0,266.0,167.0,-114.0,48.0,328.0,322.0
429,131.0,28.0,270.0,171.0,-110.0,48.0,329.0,324.0
430,124.0,27.0,268.0,186.0,-104.0,49.0,327.0,327.0
431,122.0,27.0,256.0,162.0,-114.0,47.0,316.0,311.0
432,121.0,27.0,262.0,168.0,-107.0,45.0,316.0,309.0
433,121.0,27.0,260.0,166.0,-105.0,43.0,313.0,298.0
434,122.0,27.0,266.0,171.0,-104.0,44.0,311.0,301.0
435,124.0,27.0,258.0,164.0,-109.0,45.0,308.0,300.0
436,128.0,29.0,257.0,160.0,-108.0,41.0,301.0,295.0
437,130.0,29.0,257.0,158.0,-106.0,41.0,298.0,294.0
438,124.0,28.0,255.0,161.0,-103.0,41.0,295.0,287.0
439,126.0,28.0,259.0,163.0,-101.0,40.0,289.0,283.0
446,122.0,27.0,288.0,194.0,-83.0,47.0,317.0,315.0
447,123.0,27.0,276.0,195.0,-96.0,50.0,323.0,323.0
448,122.0,27.0,270.0,175.0,-99.0,47.0,322.0,320.0
449,129.0,28.0,280.0,182.0,-89.0,44.0,316.0,309.0
450,120.0,27.0,271.0,176.0,-95.0,45.0,315.0,309.0
451,124.0,28.0,280.0,184.0,-86.0,43.0,307.0,299.0
452,118.0,27.0,275.0,183.0,-88.0,42.0,308.0,298.0
453,121.0,27.0,273.0,178.0,-92.0,42.0,309.0,299.0
454,118.0,27.0,281.0,188.0,-80.0,39.0,291.0,285.0
455,119.0,27.0,279.0,186.0,-81.0,39.0,288.0,284.0
456,121.0,27.0,277.0,183.0,-84.0,38.0,284.0,280.0
459,114.0,26.0,281.0,204.0,-81.0,46.0,311.0,311.0
460,116.0,27.0,276.0,187.0,-80.0,46.0,314.0,313.0
461,116.0,27.0,282.0,205.0,-73.0,41.0,303.0,303.0
462,127.0,28.0,283.0,186.0,-85.0,43.0,312.0,303.0
463,125.0,28.0,280.0,185.0,-87.0,44.0,318.0,309.0
464,121.0,28.0,281.0,189.0,-77.0,41.0,302.0,300.0
465,117.0,27.0,283.0,192.0,-73.0,38.0,288.0,284.0
466,117.0,27.0,282.0,191.0,-75.0,38.0,285.0,278.0
467,117.0,27.0,285.0,194.0,-70.0,38.0,289.0,285.0
468,108.0,26.0,276.0,190.0,-72.0,38.0,290.0,280.0
469,114.0,27.0,284.0,194.0,-70.0,37.0,291.0,283.0
470,116.0,27.0,287.0,196.0,-69.0,38.0,288.0,282.0
471,108.0,26.0,276.0,190.0,-72.0,38.0,290.0,280.0
472,98.0,25.0,265.0,192.0,-58.0,33.0,281.0,268.0
473,112.0,26.0,286.0,213.0,-65.0,42.0,314.0,314.0
474,112.0,26.0,286.0,212.0,-62.0,39.0,316.0,316.0
475,117.0,27.0,283.0,208.0,-65.0,38.0,310.0,310.0
476,115.0,27.0,287.0,197.0,-65.0,36.0,297.0,295.0
477,105.0,26.0,276.0,205.0,-54.0,33.0,301.0,301.0
478,97.0,25.0,268.0,203.0,-50.0,31.0,287.0,287.0
479,122.0,27.0,266.0,184.0,-105.0,49.0,327.0,327.0
480,113.0,26.0,280.0,191.0,-74.0,38.0,278.0,276.0
481,116.0,27.0,281.0,205.0,-71.0,39.0,302.0,302.0
482,117.0,26.0,258.0,174.0,-109.0,47.0,288.0,288.0
483,123.0,27.0,257.0,162.0,-115.0,43.0,319.0,313.0
484,126.0,28.0,256.0,159.0,-109.0,40.0,298.0,294.0
486,130.0,28.0,266.0,167.0,-114.0,48.0,328.0,322.0
487,118.0,26.0,257.0,165.0,-110.0,44.0,318.0,314.0
488,126.0,28.0,256.0,161.0,-107.0,43.0,303.0,294.0
489,126.0,29.0,255.0,160.0,-103.0,41.0,293.0,286.0
491,120.0,27.0,267.0,173.0,-100.0,46.0,321.0,318.0
492,120.0,27.0,275.0,184.0,-84.0,42.0,301.0,295.0
493,123.0,28.0,265.0,171.0,-96.0,43.0,300.0,293.0
495,114.0,26.0,285.0,211.0,-68.0,42.0,307.0,307.0
496,117.0,27.0,283.0,206.0,-71.0,41.0,310.0,310.0
497,120.0,27.0,280.0,190.0,-75.0,40.0,294.0,292.0
499,115.0,27.0,280.0,204.0,-72.0,39.0,316.0,316.0
500,117.0,27.0,287.0,210.0,-62.0,36.0,304.0,304.0
502,107.0,26.0,282.0,198.0,-60.0,34.0,291.0,290.0
503,159.0,38.0,235.0,94.0,-47.0,18.0,169.0,155.0
507,159.0,41.0,257.0,75.0,-54.0,47.0,115.0,92.0
509,180.0,38.0,279.0,129.0,-77.0,37.0,76.0,66.0
510,154.0,36.0,273.0,85.0,-75.0,29.0,96.0,67.0
513,157.0,38.0,262.0,75.0,-69.0,15.0,92.0,77.0
514,153.0,40.0,258.0,80.0,-56.0,19.0,121.0,109.0
515,175.0,40.0,315.0,178.0,-24.0,66.0,176.0,136.0
516,151.0,37.0,224.0,86.0,71.0,15.0,178.0,162.0
522,156.0,41.0,243.0,59.0,-63.0,38.0,122.0,102.0
530,146.0,37.0,227.0,45.0,-38.0,21.0,129.0,98.0
531,151.0,35.0,286.0,97.0,-68.0,41.0,105.0,67.0
532,138.0,35.0,268.0,83.0,-67.0,33.0,102.0,74.0
533,140.0,34.0,289.0,102.0,-54.0,36.0,93.0,65.0
535,134.0,35.0,263.0,81.0,-56.0,33.0,132.0,94.0
536,139.0,36.0,270.0,86.0,-52.0,35.0,130.0,93.0
538,156.0,39.0,288.0,153.0,-35.0,57.0,161.0,125.0
540,158.0,37.0,286.0,98.0,-67.0,33.0,78.0,62.0
541,147.0,38.0,271.0,88.0,-46.0,29.0,112.0,89.0
542,165.0,39.0,306.0,168.0,-26.0,61.0,198.0,173.0
546,156.0,36.0,273.0,84.0,-79.0,28.0,84.0,66.0
548,162.0,38.0,242.0,-89.0,118.0,24.0,208.0,121.0
550,163.0,38.0,287.0,143.0,-66.0,37.0,74.0,60.0
551,125.0,34.0,203.0,-79.0,100.0,19.0,230.0,178.0
552,107.0,31.0,247.0,-39.0,148.0,32.0,295.0,147.0
553,114.0,33.0,210.0,-67.0,118.0,38.0,238.0,104.0
554,86.0,34.0,230.0,22.0,163.0,48.0,701.0,180.0
555,103.0,30.0,241.0,-43.0,49.0,23.0,229.0,161.0
556,109.0,31.0,256.0,-36.0,16.0,20.0,190.0,153.0
562,109.0,30.0,202.0,-81.0,17.0,16.0,207.0,193.0
564,73.0,25.0,216.0,13.0,133.0,52.0,661.0,179.0
565,71.0,29.0,177.0,6.0,101.0,45.0,767.0,245.0
566,116.0,28.0,210.0,134.0,-46.0,43.0,220.0,220.0
567,109.0,29.0,215.0,-91.0,23.0,23.0,192.0,184.0
568,97.0,29.0,202.0,-22.0,28.0,31.0,223.0,156.0
569,94.0,30.0,207.0,-15.0,42.0,44.0,393.0,187.0
573,61.0,33.0,174.0,54.0,108.0,38.0,577.0,276.0
574,122.0,32.0,252.0,-56.0,4.0,22.0,185.0,143.0
575,122.0,34.0,263.0,-38.0,118.0,22.0,159.0,122.0
576,116.0,32.0,260.0,166.0,18.0,23.0,91.0,91.0
577,105.0,30.0,238.0,-47.0,2.0,19.0,160.0,136.0
586,106.0,29.0,193.0,-35.0,12.0,27.0,165.0,150.0
587,53.0,30.0,172.0,55.0,129.0,42.0,688.0,281.0
588,71.0,32.0,218.0,34.0,161.0,47.0,535.0,153.0
589,120.0,24.0,203.0,124.0,-97.0,28.0,161.0,161.0
591,85.0,39.0,215.0,37.0,151.0,66.0,583.0,84.0
592,87.0,37.0,212.0,21.0,140.0,64.0,918.0,156.0
593,106.0,31.0,229.0,-52.0,-7.0,19.0,154.0,137.0
594,116.0,33.0,232.0,-57.0,-9.0,20.0,106.0,99.0
595,95.0,33.0,194.0,-39.0,119.0,51.0,552.0,142.0
596,88.0,35.0,230.0,29.0,162.0,49.0,680.0,173.0
597,78.0,34.0,222.0,34.0,159.0,58.0,603.0,117.0
598,102.0,30.0,232.0,-48.0,-3.0,21.0,203.0,154.0
599,105.0,30.0,247.0,-41.0,55.0,21.0,217.0,162.0
602,116.0,32.0,275.0,-20.0,78.0,21.0,86.0,83.0
603,118.0,33.0,227.0,-62.0,-11.0,23.0,116.0,95.0
604,85.0,31.0,201.0,-17.0,130.0,50.0,561.0,150.0
605,86.0,37.0,203.0,16.0,136.0,55.0,760.0,163.0
606,99.0,30.0,239.0,-30.0,100.0,38.0,211.0,91.0
607,112.0,32.0,216.0,127.0,-17.0,23.0,98.0,98.0
608,107.0,32.0,232.0,-43.0,49.0,27.0,153.0,95.0
609,159.0,47.0,286.0,17.0,167.0,70.0,405.0,46.0
610,118.0,51.0,253.0,73.0,169.0,81.0,816.0,49.0
611,144.0,41.0,368.0,84.0,261.0,75.0,413.0,29.0
616,138.0,44.0,233.0,-4.0,138.0,71.0,459.0,57.0
618,143.0,46.0,277.0,32.0,176.0,79.0,488.0,33.0
619,152.0,48.0,316.0,76.0,187.0,75.0,273.0,47.0
620,161.0,43.0,419.0,324.0,259.0,56.0,29.0,20.0
622,151.0,44.0,360.0,100.0,254.0,83.0,223.0,4.0
623,166.0,43.0,383.0,94.0,251.0,65.0,54.0,12.0
625,141.0,39.0,416.0,324.0,259.0,43.0,34.0,25.0
627,161.0,46.0,278.0,8.0,159.0,72.0,450.0,44.0
628,141.0,44.0,329.0,73.0,226.0,80.0,555.0,23.0
631,158.0,45.0,279.0,9.0,170.0,62.0,240.0,44.0
632,154.0,43.0,378.0,109.0,211.0,48.0,62.0,43.0
633,166.0,44.0,417.0,289.0,255.0,55.0,25.0,16.0
635,159.0,45.0,252.0,-25.0,146.0,51.0,157.0,45.0
636,144.0,41.0,365.0,86.0,257.0,79.0,609.0,34.0
638,152.0,48.0,317.0,81.0,188.0,77.0,288.0,41.0
640,158.0,42.0,338.0,42.0,210.0,67.0,111.0,19.0
641,112.0,41.0,188.0,-24.0,105.0,71.0,353.0,60.0
642,109.0,41.0,252.0,38.0,168.0,84.0,320.0,23.0
643,152.0,44.0,366.0,100.0,256.0,82.0,175.0,3.0
644,146.0,43.0,322.0,64.0,197.0,76.0,171.0,16.0
645,127.0,43.0,260.0,26.0,171.0,80.0,414.0,33.0
646,145.0,60.0,271.0,106.0,180.0,92.0,329.0,13.0
647,146.0,47.0,315.0,81.0,213.0,89.0,289.0,14.0
648,169.0,45.0,293.0,0.0,165.0,37.0,133.0,51.0
652,159.0,45.0,263.0,-4.0,148.0,69.0,424.0,47.0
655,147.0,44.0,338.0,73.0,230.0,70.0,452.0,35.0
656,166.0,43.0,296.0,-5.0,167.0,40.0,121.0,43.0
657,163.0,48.0,302.0,34.0,180.0,77.0,530.0,47.0
658,163.0,43.0,292.0,-1.0,169.0,42.0,150.0,47.0
659,160.0,44.0,280.0,-4.0,161.0,48.0,156.0,46.0
660,158.0,45.0,262.0,-10.0,146.0,51.0,198.0,49.0
661,165.0,47.0,296.0,22.0,176.0,74.0,554.0,43.0
664,157.0,48.0,296.0,37.0,179.0,76.0,607.0,54.0
667,163.0,44.0,280.0,-8.0,154.0,60.0,253.0,45.0
675,168.0,46.0,318.0,24.0,189.0,62.0,257.0,46.0
676,161.0,46.0,280.0,6.0,162.0,61.0,348.0,50.0
677,121.0,43.0,201.0,-17.0,115.0,71.0,334.0,50.0
679,155.0,48.0,326.0,82.0,196.0,74.0,239.0,47.0
681,156.0,49.0,320.0,75.0,188.0,73.0,256.0,49.0
685,107.0,54.0,218.0,74.0,151.0,74.0,986.0,83.0
686,163.0,45.0,292.0,5.0,170.0,40.0,135.0,46.0
687,159.0,44.0,277.0,-7.0,157.0,40.0,161.0,55.0
688,166.0,44.0,280.0,-10.0,153.0,35.0,138.0,55.0
689,156.0,50.0,289.0,38.0,174.0,77.0,624.0,54.0
691,160.0,44.0,274.0,-7.0,151.0,61.0,314.0,49.0
692,171.0,47.0,302.0,7.0,173.0,74.0,464.0,37.0
696,127.0,51.0,245.0,52.0,156.0,76.0,901.0,74.0
697,152.0,48.0,268.0,16.0,155.0,70.0,500.0,55.0
699,148.0,49.0,292.0,53.0,182.0,77.0,657.0,53.0
700,163.0,45.0,280.0,-5.0,155.0,64.0,297.0,44.0
702,181.0,39.0,295.0,47.0,-70.0,18.0,91.0,80.0
703,172.0,38.0,289.0,96.0,-51.0,16.0,95.0,84.0
704,162.0,40.0,238.0,126.0,-68.0,10.0,133.0,129.0
705,159.0,39.0,300.0,131.0,-15.0,54.0,158.0,127.0
706,163.0,37.0,320.0,190.0,-21.0,72.0,198.0,171.0
707,157.0,37.0,314.0,185.0,-25.0,71.0,231.0,195.0
708,162.0,40.0,242.0,11.0,109.0,10.0,142.0,126.0
714,170.0,39.0,332.0,169.0,-14.0,28.0,83.0,62.0
719,178.0,42.0,285.0,131.0,104.0,26.0,162.0,133.0
722,182.0,40.0,295.0,51.0,-62.0,17.0,103.0,92.0
723,181.0,41.0,285.0,44.0,-57.0,12.0,119.0,106.0
724,157.0,40.0,240.0,62.0,-74.0,10.0,162.0,153.0
725,162.0,38.0,315.0,188.0,-15.0,55.0,156.0,128.0
726,166.0,38.0,316.0,184.0,-25.0,71.0,212.0,182.0
727,163.0,38.0,322.0,194.0,-15.0,72.0,220.0,189.0
732,148.0,37.0,272.0,163.0,97.0,17.0,134.0,115.0
738,161.0,43.0,206.0,101.0,39.0,21.0,234.0,199.0
743,153.0,35.0,338.0,180.0,-14.0,19.0,74.0,59.0
746,168.0,38.0,287.0,43.0,-60.0,19.0,92.0,83.0
747,163.0,40.0,247.0,16.0,68.0,7.0,134.0,128.0
748,175.0,40.0,256.0,133.0,-71.0,18.0,125.0,122.0
749,153.0,41.0,263.0,135.0,-36.0,48.0,160.0,145.0
750,162.0,39.0,301.0,168.0,-25.0,63.0,177.0,154.0
751,162.0,37.0,319.0,195.0,-23.0,72.0,231.0,197.0
752,160.0,38.0,273.0,41.0,-54.0,13.0,128.0,108.0
753,175.0,40.0,297.0,134.0,-26.0,10.0,112.0,96.0
757,173.0,40.0,279.0,124.0,98.0,14.0,114.0,98.0
762,161.0,43.0,206.0,101.0,39.0,21.0,234.0,199.0
767,183.0,38.0,313.0,138.0,-61.0,21.0,89.0,78.0
768,175.0,39.0,283.0,38.0,-72.0,14.0,102.0,90.0
769,161.0,40.0,249.0,16.0,-65.0,7.0,139.0,127.0
770,149.0,41.0,238.0,112.0,-50.0,38.0,171.0,162.0
771,171.0,38.0,323.0,188.0,-23.0,72.0,186.0,162.0
772,161.0,36.0,320.0,194.0,-27.0,69.0,230.0,189.0
773,174.0,40.0,260.0,142.0,-72.0,14.0,119.0,107.0
776,165.0,40.0,284.0,168.0,106.0,23.0,145.0,120.0
781,162.0,39.0,296.0,142.0,115.0,24.0,130.0,103.0
785,174.0,37.0,309.0,139.0,-59.0,21.0,89.0,79.0
786,181.0,41.0,285.0,44.0,-57.0,12.0,119.0,106.0
787,162.0,40.0,244.0,14.0,112.0,11.0,142.0,123.0
790,166.0,38.0,319.0,161.0,137.0,26.0,109.0,85.0
791,181.0,42.0,281.0,162.0,101.0,20.0,141.0,121.0
793,158.0,39.0,289.0,141.0,113.0,23.0,141.0,114.0
801,155.0,40.0,212.0,-10.0,17.0,11.0,157.0,154.0
802,116.0,31.0,286.0,141.0,-11.0,6.0,305.0,289.0
803,106.0,30.0,272.0,14.0,180.0,9.0,337.0,277.0
804,103.0,30.0,276.0,18.0,210.0,8.0,322.0,278.0
805,118.0,31.0,274.0,47.0,199.0,7.0,331.0,293.0
806,116.0,31.0,274.0,134.0,-18.0,7.0,322.0,309.0
807,117.0,31.0,274.0,177.0,-20.0,9.0,314.0,312.0
808,114.0,31.0,279.0,83.0,-13.0,7.0,313.0,306.0
809,110.0,30.0,280.0,54.0,-9.0,7.0,321.0,293.0
810,113.0,31.0,280.0,82.0,-12.0,7.0,327.0,300.0
811,117.0,31.0,281.0,137.0,-17.0,7.0,324.0,304.0
812,118.0,31.0,275.0,131.0,-26.0,7.0,324.0,311.0
830,134.0,50.0,330.0,268.0,178.0,44.0,573.0,573.0
832,124.0,52.0,330.0,272.0,176.0,59.0,627.0,593.0
833,110.0,43.0,326.0,268.0,149.0,38.0,495.0,477.0
834,128.0,44.0,335.0,269.0,165.0,35.0,497.0,497.0
835,120.0,50.0,329.0,273.0,196.0,51.0,607.0,607.0
836,123.0,45.0,328.0,267.0,172.0,41.0,525.0,525.0
837,121.0,50.0,330.0,273.0,197.0,52.0,570.0,570.0
838,125.0,50.0,330.0,271.0,192.0,47.0,541.0,541.0
839,132.0,54.0,334.0,270.0,177.0,58.0,570.0,524.0
840,105.0,45.0,323.0,270.0,167.0,45.0,548.0,548.0
841,123.0,52.0,330.0,272.0,175.0,59.0,610.0,572.0
842,109.0,53.0,329.0,274.0,189.0,64.0,617.0,561.0
843,112.0,52.0,327.0,271.0,180.0,46.0,529.0,521.0
844,132.0,46.0,332.0,267.0,166.0,40.0,534.0,534.0
851,128.0,44.0,335.0,267.0,166.0,37.0,509.0,501.0
854,124.0,46.0,328.0,268.0,176.0,41.0,524.0,524.0
855,111.0,44.0,324.0,267.0,155.0,38.0,499.0,482.0
856,128.0,50.0,329.0,271.0,190.0,48.0,578.0,578.0
857,108.0,48.0,324.0,271.0,177.0,43.0,499.0,492.0
858,119.0,47.0,329.0,272.0,162.0,45.0,517.0,517.0
859,121.0,50.0,331.0,274.0,174.0,50.0,520.0,520.0
860,128.0,52.0,335.0,273.0,177.0,54.0,568.0,521.0
861,89.0,48.0,323.0,276.0,195.0,47.0,569.0,535.0
862,123.0,54.0,331.0,272.0,187.0,59.0,592.0,524.0
864,113.0,47.0,327.0,273.0,196.0,51.0,584.0,570.0
865,124.0,53.0,332.0,273.0,182.0,61.0,614.0,569.0
866,108.0,52.0,326.0,274.0,196.0,68.0,628.0,609.0
869,129.0,48.0,329.0,268.0,177.0,41.0,535.0,535.0
870,106.0,46.0,326.0,275.0,198.0,52.0,566.0,543.0
871,125.0,52.0,333.0,274.0,175.0,53.0,565.0,565.0
872,119.0,52.0,331.0,275.0,184.0,62.0,603.0,575.0
873,91.0,50.0,320.0,275.0,194.0,62.0,496.0,491.0
875,132.0,49.0,329.0,268.0,178.0,43.0,557.0,557.0
876,108.0,47.0,326.0,275.0,174.0,57.0,565.0,560.0
877,130.0,53.0,334.0,272.0,177.0,57.0,562.0,518.0
878,91.0,50.0,320.0,273.0,194.0,58.0,597.0,567.0
880,108.0,38.0,322.0,264.0,157.0,35.0,495.0,472.0
882,137.0,44.0,335.0,265.0,194.0,25.0,391.0,391.0
885,133.0,42.0,335.0,106.0,185.0,20.0,349.0,325.0
886,135.0,42.0,325.0,92.0,176.0,20.0,381.0,314.0
887,137.0,42.0,324.0,92.0,175.0,19.0,398.0,324.0
889,138.0,41.0,328.0,85.0,171.0,15.0,353.0,313.0
890,130.0,40.0,325.0,85.0,171.0,16.0,370.0,303.0
892,130.0,39.0,321.0,79.0,165.0,14.0,384.0,309.0
893,132.0,39.0,314.0,65.0,205.0,15.0,419.0,321.0
894,130.0,39.0,315.0,71.0,208.0,17.0,401.0,312.0
895,132.0,42.0,331.0,105.0,185.0,21.0,352.0,325.0
896,130.0,40.0,307.0,69.0,201.0,13.0,440.0,348.0
897,132.0,40.0,323.0,86.0,171.0,17.0,371.0,312.0
899,137.0,42.0,335.0,264.0,137.0,23.0,387.0,387.0
900,134.0,41.0,332.0,99.0,181.0,20.0,362.0,313.0
901,138.0,41.0,314.0,73.0,206.0,18.0,436.0,331.0
902,130.0,38.0,306.0,54.0,197.0,16.0,440.0,327.0
904,135.0,39.0,318.0,67.0,207.0,18.0,419.0,308.0
905,130.0,40.0,280.0,41.0,175.0,13.0,491.0,400.0
906,135.0,41.0,281.0,46.0,176.0,11.0,511.0,429.0
907,124.0,38.0,317.0,82.0,167.0,17.0,388.0,311.0
908,134.0,41.0,330.0,96.0,179.0,19.0,374.0,310.0
909,133.0,41.0,324.0,87.0,171.0,16.0,365.0,313.0
910,134.0,41.0,326.0,94.0,177.0,18.0,355.0,325.0
911,131.0,41.0,334.0,109.0,188.0,22.0,354.0,339.0
912,139.0,43.0,336.0,265.0,187.0,21.0,343.0,343.0
913,136.0,42.0,331.0,262.0,183.0,19.0,340.0,340.0
915,133.0,42.0,335.0,265.0,142.0,23.0,394.0,394.0
917,137.0,43.0,336.0,266.0,192.0,24.0,375.0,375.0
918,134.0,44.0,333.0,266.0,195.0,27.0,430.0,430.0
919,120.0,41.0,329.0,268.0,155.0,33.0,470.0,470.0
921,120.0,42.0,331.0,267.0,163.0,34.0,491.0,485.0
922,135.0,45.0,333.0,266.0,157.0,31.0,484.0,484.0
923,129.0,44.0,332.0,267.0,160.0,34.0,496.0,496.0
924,109.0,38.0,323.0,264.0,154.0,36.0,490.0,473.0
925,136.0,44.0,334.0,265.0,194.0,27.0,411.0,411.0
926,134.0,42.0,337.0,267.0,191.0,22.0,385.0,385.0
927,135.0,42.0,334.0,264.0,141.0,22.0,385.0,385.0
928,129.0,41.0,333.0,111.0,190.0,22.0,355.0,351.0
931,137.0,42.0,324.0,92.0,175.0,19.0,398.0,324.0
932,136.0,41.0,329.0,92.0,175.0,18.0,363.0,314.0
933,137.0,41.0,328.0,85.0,170.0,15.0,355.0,306.0
934,128.0,39.0,320.0,82.0,167.0,16.0,387.0,308.0
935,126.0,39.0,316.0,83.0,168.0,17.0,390.0,314.0
936,139.0,41.0,315.0,75.0,207.0,19.0,441.0,330.0
937,126.0,39.0,308.0,70.0,155.0,15.0,438.0,333.0
938,134.0,40.0,324.0,80.0,165.0,15.0,368.0,304.0
939,130.0,39.0,318.0,76.0,162.0,14.0,400.0,327.0
941,133.0,39.0,309.0,57.0,199.0,17.0,439.0,325.0
942,130.0,38.0,306.0,54.0,197.0,16.0,440.0,327.0
943,124.0,35.0,267.0,-27.0,156.0,39.0,314.0,123.0
944,124.0,36.0,279.0,-8.0,171.0,39.0,278.0,106.0
951,147.0,34.0,292.0,100.0,-4.0,38.0,97.0,75.0
954,152.0,36.0,306.0,117.0,181.0,23.0,84.0,55.0
955,154.0,39.0,268.0,-38.0,150.0,22.0,112.0,80.0
956,147.0,36.0,307.0,69.0,184.0,19.0,91.0,61.0
957,125.0,35.0,270.0,-29.0,157.0,39.0,314.0,121.0
960,143.0,36.0,266.0,83.0,150.0,16.0,122.0,93.0
972,163.0,35.0,305.0,109.0,-50.0,33.0,89.0,64.0
973,151.0,36.0,261.0,75.0,142.0,18.0,143.0,113.0
976,145.0,38.0,297.0,116.0,183.0,27.0,85.0,53.0
977,145.0,38.0,291.0,112.0,180.0,25.0,96.0,67.0
978,150.0,37.0,285.0,43.0,162.0,17.0,122.0,89.0
979,116.0,27.0,285.0,210.0,-61.0,36.0,314.0,314.0
980,115.0,28.0,286.0,213.0,-56.0,34.0,316.0,316.0
981,114.0,27.0,287.0,214.0,-57.0,35.0,318.0,318.0
982,113.0,28.0,286.0,212.0,-51.0,32.0,313.0,313.0
983,113.0,27.0,297.0,224.0,-47.0,34.0,316.0,316.0
984,110.0,27.0,296.0,225.0,-46.0,34.0,319.0,319.0
985,121.0,29.0,300.0,203.0,-43.0,33.0,300.0,298.0
986,117.0,28.0,295.0,221.0,-46.0,33.0,309.0,309.0
987,117.0,28.0,295.0,221.0,-46.0,33.0,309.0,309.0
988,115.0,28.0,288.0,195.0,-51.0,33.0,308.0,307.0
989,116.0,29.0,294.0,202.0,-39.0,28.0,297.0,287.0
990,114.0,28.0,289.0,215.0,-48.0,31.0,311.0,311.0
991,114.0,28.0,290.0,152.0,-41.0,27.0,314.0,300.0
992,116.0,28.0,303.0,209.0,-36.0,34.0,305.0,301.0
993,113.0,27.0,306.0,212.0,-31.0,33.0,318.0,301.0
994,118.0,29.0,307.0,214.0,-25.0,26.0,300.0,286.0
995,118.0,28.0,304.0,209.0,-33.0,33.0,312.0,304.0
996,115.0,28.0,298.0,205.0,-41.0,31.0,308.0,304.0
997,116.0,28.0,300.0,206.0,-38.0,32.0,310.0,309.0
998,115.0,28.0,302.0,209.0,-32.0,28.0,302.0,287.0
999,116.0,28.0,295.0,203.0,-42.0,30.0,304.0,294.0
1000,117.0,29.0,297.0,205.0,-36.0,28.0,297.0,285.0
1001,118.0,30.0,302.0,210.0,-26.0,24.0,308.0,299.0
1002,116.0,29.0,297.0,205.0,-36.0,28.0,295.0,284.0
1003,114.0,29.0,293.0,202.0,-34.0,26.0,308.0,297.0
1004,119.0,29.0,308.0,213.0,-20.0,27.0,308.0,288.0
1005,118.0,30.0,307.0,214.0,-14.0,24.0,299.0,276.0
1006,119.0,30.0,306.0,212.0,-19.0,27.0,308.0,287.0
1007,118.0,30.0,310.0,175.0,-16.0,22.0,294.0,277.0
1008,121.0,30.0,313.0,217.0,-13.0,21.0,304.0,285.0
1009,121.0,30.0,313.0,217.0,-13.0,21.0,304.0,285.0
1010,119.0,30.0,311.0,217.0,-15.0,23.0,298.0,281.0
1011,115.0,29.0,302.0,212.0,-22.0,23.0,312.0,302.0
1012,116.0,29.0,306.0,214.0,-17.0,20.0,311.0,292.0
1013,117.0,30.0,308.0,215.0,-14.0,20.0,308.0,287.0
1014,117.0,30.0,307.0,214.0,-18.0,21.0,310.0,295.0
1016,124.0,31.0,320.0,128.0,2.0,18.0,289.0,266.0
1017,115.0,30.0,315.0,183.0,3.0,19.0,295.0,267.0
1018,116.0,30.0,314.0,181.0,-2.0,19.0,295.0,265.0
1019,116.0,30.0,314.0,181.0,-2.0,19.0,295.0,265.0
1020,116.0,30.0,314.0,126.0,0.0,18.0,309.0,268.0
1022,120.0,31.0,312.0,123.0,0.0,19.0,321.0,274.0
1024,120.0,31.0,313.0,122.0,-5.0,19.0,313.0,281.0
1025,117.0,31.0,320.0,139.0,202.0,15.0,364.0,291.0
1026,126.0,32.0,320.0,129.0,7.0,17.0,317.0,285.0
1027,119.0,32.0,319.0,139.0,202.0,15.0,363.0,292.0
1030,118.0,28.0,285.0,209.0,-58.0,35.0,315.0,315.0
1031,115.0,27.0,287.0,211.0,-61.0,35.0,312.0,312.0
1032,109.0,26.0,296.0,226.0,-42.0,36.0,315.0,315.0
1033,117.0,28.0,292.0,199.0,-46.0,32.0,304.0,300.0
1034,116.0,28.0,293.0,200.0,-43.0,29.0,298.0,288.0
1035,113.0,28.0,305.0,212.0,-30.0,32.0,318.0,300.0
1036,119.0,29.0,309.0,214.0,-28.0,26.0,298.0,285.0
1037,123.0,30.0,314.0,217.0,-12.0,24.0,294.0,274.0
1038,119.0,30.0,311.0,175.0,-14.0,22.0,299.0,275.0
1039,118.0,30.0,309.0,216.0,-11.0,20.0,309.0,289.0
1041,117.0,31.0,320.0,139.0,202.0,15.0,364.0,291.0
1042,115.0,27.0,288.0,213.0,-58.0,34.0,315.0,315.0
1043,109.0,27.0,305.0,214.0,-23.0,30.0,320.0,302.0
1044,114.0,27.0,284.0,211.0,-63.0,37.0,315.0,315.0
1045,118.0,28.0,286.0,209.0,-62.0,36.0,310.0,310.0
1046,116.0,28.0,288.0,212.0,-57.0,33.0,315.0,315.0
1047,117.0,28.0,303.0,228.0,-38.0,34.0,301.0,301.0
1048,117.0,28.0,290.0,216.0,-49.0,34.0,314.0,314.0
1049,116.0,28.0,291.0,197.0,-46.0,30.0,304.0,302.0
1050,119.0,30.0,304.0,211.0,-27.0,25.0,304.0,289.0
1051,117.0,29.0,299.0,207.0,-34.0,27.0,297.0,283.0
1052,117.0,30.0,297.0,205.0,-25.0,24.0,322.0,313.0
1053,119.0,30.0,306.0,212.0,-19.0,27.0,308.0,287.0
1054,120.0,30.0,304.0,212.0,-22.0,23.0,310.0,299.0
1055,117.0,30.0,306.0,214.0,-15.0,20.0,319.0,301.0
1056,119.0,30.0,315.0,179.0,-6.0,20.0,299.0,267.0
1057,120.0,31.0,312.0,123.0,0.0,19.0,321.0,274.0
1058,122.0,32.0,315.0,129.0,6.0,17.0,332.0,280.0
1059,119.0,32.0,319.0,139.0,202.0,15.0,363.0,292.0
1060,117.0,29.0,290.0,150.0,-37.0,26.0,309.0,302.0
1061,115.0,29.0,292.0,196.0,-34.0,23.0,305.0,305.0
1062,116.0,29.0,291.0,195.0,-34.0,24.0,308.0,301.0
1063,112.0,29.0,286.0,210.0,-25.0,22.0,284.0,284.0
1064,114.0,30.0,281.0,185.0,-26.0,22.0,281.0,277.0
1065,116.0,29.0,293.0,201.0,-37.0,26.0,312.0,304.0
1066,115.0,29.0,295.0,202.0,-30.0,25.0,304.0,301.0
1067,118.0,30.0,295.0,200.0,-31.0,23.0,298.0,296.0
1068,114.0,29.0,289.0,198.0,-16.0,21.0,298.0,292.0
1069,118.0,30.0,295.0,201.0,-24.0,21.0,320.0,313.0
1071,117.0,30.0,288.0,194.0,-35.0,22.0,308.0,296.0
1072,114.0,29.0,294.0,199.0,-30.0,21.0,283.0,273.0
1086,109.0,28.0,289.0,217.0,-17.0,20.0,295.0,295.0
1087,115.0,29.0,292.0,199.0,-30.0,20.0,303.0,297.0
1089,109.0,28.0,290.0,218.0,-33.0,25.0,293.0,293.0
1090,112.0,28.0,289.0,149.0,-39.0,27.0,307.0,300.0
1091,112.0,29.0,283.0,208.0,-42.0,23.0,283.0,283.0
1092,118.0,30.0,293.0,154.0,-35.0,25.0,308.0,300.0
1093,116.0,30.0,295.0,201.0,-27.0,20.0,309.0,303.0
1094,114.0,29.0,294.0,199.0,-30.0,21.0,283.0,273.0
1095,119.0,30.0,301.0,208.0,-21.0,22.0,325.0,315.0
1100,119.0,28.0,307.0,219.0,-37.0,36.0,325.0,318.0
1101,122.0,29.0,305.0,207.0,-35.0,40.0,331.0,324.0
1102,121.0,28.0,304.0,205.0,-48.0,39.0,332.0,327.0
1103,113.0,27.0,290.0,218.0,-54.0,37.0,320.0,320.0
1104,118.0,27.0,301.0,227.0,-50.0,38.0,326.0,326.0
1105,121.0,28.0,294.0,218.0,-58.0,43.0,332.0,332.0
1106,123.0,28.0,302.0,204.0,-54.0,47.0,323.0,320.0
1107,124.0,28.0,301.0,203.0,-58.0,48.0,325.0,321.0
1108,121.0,28.0,303.0,208.0,-47.0,50.0,316.0,301.0
1109,115.0,27.0,289.0,216.0,-61.0,37.0,317.0,317.0
1110,121.0,28.0,292.0,213.0,-66.0,43.0,335.0,335.0
1111,125.0,28.0,302.0,203.0,-61.0,49.0,326.0,321.0
1114,118.0,27.0,282.0,207.0,-79.0,47.0,329.0,329.0
1115,115.0,26.0,277.0,203.0,-89.0,47.0,329.0,329.0
1118,126.0,29.0,309.0,231.0,-40.0,49.0,333.0,333.0
1119,119.0,27.0,298.0,223.0,-56.0,39.0,331.0,331.0
1120,93.0,17.0,204.0,117.0,-173.0,44.0,110.0,101.0
1122,109.0,21.0,219.0,124.0,-124.0,42.0,137.0,136.0
1125,87.0,16.0,153.0,70.0,-295.0,50.0,112.0,107.0
1126,96.0,17.0,210.0,122.0,-170.0,42.0,109.0,101.0
1127,114.0,23.0,255.0,178.0,-159.0,55.0,230.0,230.0
1128,116.0,23.0,262.0,183.0,-151.0,54.0,224.0,224.0
1129,116.0,23.0,265.0,186.0,-145.0,55.0,219.0,219.0
1130,131.0,26.0,269.0,181.0,-140.0,61.0,210.0,210.0
1131,127.0,25.0,263.0,178.0,-121.0,60.0,213.0,213.0
1132,103.0,21.0,249.0,177.0,-136.0,51.0,226.0,226.0
1133,111.0,22.0,253.0,177.0,-138.0,51.0,227.0,227.0
1142,113.0,23.0,251.0,174.0,-158.0,54.0,249.0,249.0
1143,114.0,23.0,256.0,178.0,-157.0,55.0,229.0,229.0
1144,119.0,23.0,260.0,180.0,-160.0,53.0,228.0,228.0
1145,126.0,25.0,266.0,181.0,-149.0,57.0,212.0,212.0
1146,127.0,26.0,263.0,179.0,-115.0,63.0,214.0,214.0
1147,125.0,25.0,266.0,180.0,-119.0,55.0,207.0,207.0
1148,129.0,26.0,271.0,182.0,-113.0,55.0,193.0,193.0
1155,116.0,23.0,252.0,174.0,-158.0,56.0,253.0,253.0
1156,118.0,24.0,267.0,187.0,-142.0,55.0,219.0,219.0
1157,116.0,23.0,264.0,185.0,-148.0,55.0,221.0,221.0
1158,128.0,25.0,264.0,178.0,-121.0,59.0,212.0,212.0
1159,127.0,25.0,270.0,183.0,-142.0,56.0,199.0,199.0
1160,105.0,21.0,250.0,176.0,-159.0,51.0,238.0,238.0
1166,118.0,24.0,264.0,184.0,-148.0,56.0,219.0,219.0
1167,128.0,25.0,266.0,179.0,-120.0,60.0,212.0,212.0
1168,125.0,25.0,255.0,172.0,-121.0,64.0,220.0,220.0
1169,107.0,22.0,250.0,176.0,-136.0,51.0,227.0,227.0
1177,140.0,33.0,344.0,232.0,7.0,49.0,265.0,251.0
1178,143.0,34.0,342.0,230.0,9.0,48.0,266.0,251.0
1179,149.0,35.0,347.0,235.0,18.0,50.0,258.0,241.0
1180,159.0,37.0,351.0,235.0,16.0,53.0,248.0,229.0
1187,139.0,32.0,335.0,224.0,-10.0,52.0,291.0,273.0
1188,151.0,35.0,341.0,224.0,-4.0,56.0,249.0,237.0
1189,147.0,34.0,333.0,217.0,-11.0,56.0,256.0,245.0
1191,154.0,35.0,331.0,212.0,-12.0,62.0,259.0,229.0
1194,135.0,31.0,327.0,220.0,-24.0,53.0,316.0,308.0
1196,135.0,31.0,327.0,219.0,-23.0,53.0,316.0,306.0
1197,133.0,31.0,335.0,226.0,-8.0,53.0,318.0,292.0
1198,151.0,33.0,340.0,222.0,-20.0,54.0,261.0,239.0
1199,153.0,34.0,334.0,215.0,-22.0,59.0,263.0,241.0
1200,155.0,35.0,337.0,216.0,-10.0,59.0,249.0,229.0
1201,160.0,37.0,343.0,226.0,9.0,55.0,238.0,219.0
1209,141.0,33.0,342.0,230.0,7.0,49.0,263.0,251.0
1210,145.0,34.0,341.0,227.0,3.0,54.0,261.0,249.0
1216,146.0,34.0,340.0,226.0,-1.0,54.0,261.0,249.0
1217,160.0,36.0,336.0,215.0,-8.0,58.0,233.0,217.0
1221,132.0,31.0,331.0,222.0,-16.0,54.0,307.0,288.0
1222,155.0,36.0,333.0,212.0,-10.0,62.0,249.0,219.0
1224,140.0,32.0,335.0,221.0,-22.0,54.0,289.0,270.0
1226,120.0,32.0,321.0,142.0,204.0,15.0,376.0,299.0
1256,134.0,44.0,334.0,106.0,194.0,15.0,458.0,431.0
1257,133.0,43.0,334.0,149.0,193.0,16.0,455.0,411.0
1262,128.0,40.0,339.0,186.0,235.0,21.0,424.0,293.0
1264,130.0,39.0,337.0,178.0,230.0,17.0,396.0,289.0
1267,133.0,43.0,332.0,101.0,191.0,15.0,460.0,410.0
1271,123.0,38.0,336.0,98.0,232.0,22.0,418.0,281.0
1274,120.0,42.0,329.0,270.0,202.0,15.0,450.0,450.0
1275,128.0,42.0,329.0,101.0,192.0,14.0,450.0,393.0
1278,125.0,40.0,337.0,187.0,236.0,19.0,426.0,303.0
1281,120.0,36.0,334.0,178.0,231.0,22.0,410.0,279.0
1282,132.0,39.0,337.0,174.0,227.0,14.0,382.0,283.0
1284,100.0,37.0,325.0,271.0,169.0,17.0,480.0,463.0
1285,89.0,35.0,320.0,271.0,174.0,21.0,511.0,471.0
1286,111.0,41.0,327.0,268.0,165.0,19.0,513.0,501.0
1290,122.0,37.0,337.0,180.0,232.0,21.0,410.0,280.0
1291,123.0,38.0,337.0,181.0,233.0,21.0,412.0,281.0
1292,131.0,40.0,337.0,180.0,231.0,17.0,404.0,293.0
1295,132.0,39.0,337.0,173.0,227.0,16.0,387.0,285.0
1296,128.0,38.0,338.0,175.0,232.0,13.0,346.0,283.0
1298,117.0,40.0,329.0,267.0,202.0,16.0,433.0,421.0
1300,129.0,40.0,337.0,89.0,233.0,18.0,414.0,291.0
1301,125.0,37.0,336.0,176.0,230.0,20.0,404.0,285.0
1304,128.0,40.0,337.0,91.0,234.0,19.0,422.0,295.0
1308,130.0,42.0,333.0,117.0,194.0,16.0,452.0,424.0
1311,116.0,30.0,275.0,40.0,198.0,14.0,346.0,247.0
1312,120.0,30.0,276.0,37.0,189.0,14.0,345.0,251.0
1313,114.0,30.0,273.0,42.0,198.0,14.0,339.0,241.0
1317,120.0,29.0,263.0,17.0,-56.0,11.0,319.0,277.0
1318,110.0,28.0,263.0,29.0,183.0,12.0,328.0,254.0
1319,125.0,29.0,262.0,9.0,-65.0,12.0,302.0,276.0
1320,115.0,29.0,260.0,19.0,-52.0,12.0,338.0,263.0
1321,113.0,28.0,262.0,19.0,-52.0,11.0,316.0,255.0
1322,113.0,29.0,255.0,19.0,180.0,14.0,353.0,250.0
1323,118.0,28.0,239.0,162.0,-87.0,15.0,292.0,292.0
1324,116.0,28.0,231.0,157.0,-90.0,13.0,308.0,308.0
1325,121.0,29.0,259.0,6.0,-68.0,11.0,307.0,273.0
1326,115.0,27.0,236.0,161.0,-96.0,19.0,307.0,307.0
1327,120.0,28.0,243.0,165.0,-88.0,14.0,303.0,303.0
1328,124.0,29.0,257.0,-1.0,-79.0,14.0,294.0,278.0
1329,123.0,29.0,259.0,3.0,-75.0,14.0,298.0,277.0
1330,119.0,27.0,239.0,161.0,-99.0,16.0,310.0,310.0
1331,121.0,28.0,253.0,160.0,-36.0,14.0,284.0,279.0
1332,123.0,28.0,242.0,150.0,-102.0,18.0,302.0,299.0
1333,115.0,26.0,238.0,162.0,-101.0,18.0,303.0,303.0
1334,116.0,29.0,265.0,22.0,180.0,11.0,325.0,269.0
1335,114.0,29.0,266.0,27.0,183.0,11.0,317.0,258.0
1336,124.0,30.0,273.0,22.0,-50.0,11.0,303.0,264.0
1337,113.0,26.0,238.0,162.0,-100.0,19.0,306.0,306.0
1338,110.0,26.0,235.0,161.0,-98.0,20.0,313.0,313.0
1339,121.0,28.0,243.0,166.0,-87.0,16.0,296.0,296.0
1340,113.0,29.0,262.0,28.0,188.0,15.0,353.0,251.0
1342,120.0,33.0,259.0,167.0,-30.0,13.0,317.0,307.0
1343,121.0,34.0,256.0,164.0,-29.0,13.0,340.0,332.0
1344,131.0,35.0,296.0,194.0,-8.0,15.0,274.0,263.0
1345,133.0,35.0,300.0,196.0,-6.0,15.0,272.0,261.0
1380,119.0,33.0,256.0,164.0,-35.0,13.0,317.0,308.0
1381,121.0,34.0,256.0,164.0,-29.0,13.0,340.0,332.0
1382,120.0,33.0,261.0,169.0,-31.0,13.0,307.0,297.0
1383,128.0,34.0,294.0,194.0,-8.0,15.0,276.0,265.0
1384,125.0,34.0,289.0,190.0,-13.0,14.0,280.0,267.0
1386,120.0,33.0,259.0,167.0,-30.0,13.0,317.0,307.0
1398,78.0,26.0,244.0,68.0,191.0,12.0,320.0,238.0
1399,98.0,29.0,271.0,18.0,180.0,11.0,340.0,270.0
1400,110.0,31.0,279.0,12.0,183.0,9.0,331.0,271.0
1401,107.0,30.0,278.0,12.0,183.0,10.0,336.0,265.0
1402,109.0,30.0,276.0,51.0,204.0,13.0,338.0,250.0
1403,119.0,31.0,279.0,-4.0,181.0,9.0,313.0,258.0
1404,121.0,31.0,277.0,40.0,200.0,8.0,309.0,265.0
1405,121.0,31.0,273.0,40.0,-26.0,6.0,321.0,294.0
1406,111.0,31.0,279.0,9.0,182.0,9.0,329.0,267.0
1407,122.0,31.0,278.0,132.0,-27.0,7.0,298.0,294.0
1408,127.0,31.0,272.0,167.0,-41.0,8.0,299.0,299.0
1410,118.0,30.0,262.0,164.0,-45.0,9.0,327.0,319.0
1411,87.0,27.0,260.0,26.0,176.0,12.0,328.0,256.0
1412,117.0,31.0,263.0,31.0,-35.0,6.0,311.0,294.0
1413,123.0,31.0,284.0,136.0,-24.0,7.0,295.0,289.0
1415,110.0,26.0,227.0,138.0,-60.0,16.0,311.0,307.0
1416,106.0,25.0,229.0,154.0,-59.0,12.0,308.0,308.0
1418,94.0,24.0,235.0,3.0,-37.0,10.0,309.0,270.0
1420,90.0,23.0,233.0,-49.0,-34.0,13.0,324.0,262.0
1421,118.0,27.0,251.0,161.0,-35.0,13.0,278.0,276.0
1422,111.0,26.0,242.0,-11.0,-41.0,11.0,310.0,289.0
1429,112.0,29.0,251.0,17.0,175.0,14.0,333.0,245.0
1430,112.0,28.0,248.0,8.0,-24.0,12.0,318.0,257.0
1435,108.0,25.0,230.0,143.0,-56.0,14.0,309.0,303.0
1436,111.0,26.0,236.0,151.0,-47.0,15.0,297.0,296.0
1437,99.0,24.0,232.0,160.0,-94.0,12.0,291.0,291.0
1438,110.0,26.0,234.0,158.0,-52.0,12.0,305.0,305.0
1443,73.0,26.0,190.0,-9.0,101.0,14.0,385.0,299.0
1444,64.0,23.0,182.0,-16.0,13.0,14.0,463.0,367.0
1445,62.0,21.0,175.0,14.0,0.0,15.0,432.0,337.0
1446,72.0,25.0,200.0,29.0,102.0,15.0,302.0,246.0
1447,79.0,26.0,203.0,-16.0,109.0,13.0,311.0,262.0
1448,97.0,28.0,212.0,4.0,5.0,16.0,325.0,277.0
1449,72.0,24.0,183.0,-33.0,1.0,16.0,435.0,345.0
1450,68.0,23.0,191.0,-18.0,12.0,16.0,397.0,322.0
1451,80.0,26.0,205.0,-22.0,107.0,13.0,291.0,257.0
1452,88.0,27.0,216.0,-24.0,113.0,12.0,288.0,257.0
1453,97.0,27.0,218.0,100.0,4.0,14.0,293.0,269.0
1454,79.0,24.0,192.0,7.0,5.0,17.0,311.0,290.0
1455,87.0,25.0,194.0,-11.0,-9.0,14.0,307.0,279.0
1456,75.0,23.0,176.0,96.0,-3.0,15.0,304.0,298.0
1457,75.0,24.0,170.0,-56.0,-13.0,11.0,317.0,294.0
1462,105.0,22.0,184.0,102.0,-129.0,29.0,302.0,294.0
1465,75.0,26.0,191.0,26.0,102.0,11.0,396.0,328.0
1466,79.0,23.0,196.0,-42.0,0.0,19.0,359.0,295.0
1467,75.0,23.0,172.0,-57.0,-9.0,13.0,312.0,292.0
1468,80.0,23.0,163.0,100.0,23.0,11.0,266.0,266.0
1469,71.0,22.0,145.0,-76.0,17.0,10.0,314.0,298.0
1470,122.0,28.0,259.0,166.0,-81.0,27.0,259.0,258.0
1471,125.0,28.0,254.0,169.0,-92.0,28.0,289.0,289.0
1472,121.0,27.0,250.0,169.0,-94.0,33.0,300.0,300.0
1473,133.0,30.0,257.0,157.0,-105.0,39.0,280.0,279.0
1475,130.0,30.0,258.0,170.0,-103.0,38.0,288.0,288.0
1478,123.0,29.0,246.0,150.0,-105.0,27.0,273.0,266.0
1484,107.0,28.0,281.0,199.0,-23.0,20.0,279.0,270.0
1486,103.0,27.0,283.0,207.0,-16.0,19.0,280.0,278.0
1493,112.0,29.0,286.0,199.0,-28.0,23.0,276.0,274.0
1494,111.0,29.0,283.0,198.0,-27.0,22.0,280.0,278.0
1497,112.0,29.0,286.0,210.0,-25.0,22.0,284.0,284.0
1504,113.0,29.0,279.0,182.0,-43.0,23.0,272.0,271.0
1505,113.0,29.0,285.0,209.0,-22.0,20.0,256.0,256.0
1506,116.0,30.0,283.0,185.0,-39.0,20.0,269.0,266.0
1519,97.0,26.0,279.0,208.0,-26.0,18.0,234.0,234.0
1521,121.0,27.0,283.0,204.0,-87.0,47.0,316.0,316.0
1541,121.0,28.0,235.0,158.0,-112.0,35.0,261.0,261.0
1542,117.0,27.0,234.0,160.0,-109.0,44.0,284.0,284.0
1543,113.0,25.0,247.0,170.0,-125.0,48.0,293.0,293.0
1544,101.0,24.0,233.0,158.0,-106.0,46.0,293.0,293.0
1547,123.0,25.0,262.0,183.0,-140.0,61.0,278.0,278.0
1549,125.0,25.0,276.0,192.0,-136.0,62.0,254.0,254.0
1550,129.0,26.0,256.0,170.0,-143.0,50.0,293.0,293.0
1551,130.0,26.0,261.0,175.0,-143.0,55.0,292.0,292.0
1552,119.0,24.0,255.0,178.0,-152.0,59.0,263.0,263.0
1553,125.0,25.0,264.0,183.0,-141.0,59.0,280.0,280.0
1554,131.0,26.0,268.0,183.0,-139.0,62.0,264.0,264.0
1555,132.0,26.0,267.0,182.0,-143.0,63.0,262.0,262.0
1556,127.0,25.0,263.0,179.0,-153.0,60.0,238.0,238.0
1557,123.0,24.0,265.0,183.0,-153.0,58.0,221.0,221.0
1570,116.0,26.0,237.0,161.0,-115.0,45.0,288.0,288.0
1571,110.0,25.0,238.0,162.0,-122.0,46.0,298.0,298.0
1572,131.0,26.0,258.0,176.0,-144.0,56.0,298.0,298.0
1575,129.0,26.0,256.0,170.0,-142.0,51.0,295.0,295.0
1576,124.0,24.0,257.0,177.0,-154.0,62.0,261.0,261.0
1577,125.0,24.0,264.0,181.0,-153.0,60.0,231.0,231.0
1581,124.0,40.0,332.0,98.0,235.0,18.0,441.0,334.0
1582,119.0,34.0,330.0,163.0,219.0,21.0,416.0,274.0
1583,133.0,39.0,327.0,164.0,219.0,20.0,421.0,295.0
1584,133.0,42.0,331.0,107.0,230.0,18.0,449.0,351.0
1585,126.0,42.0,332.0,119.0,196.0,16.0,446.0,421.0
1586,133.0,38.0,329.0,156.0,212.0,19.0,421.0,286.0
1587,131.0,39.0,329.0,127.0,223.0,21.0,430.0,302.0
1588,129.0,38.0,330.0,166.0,220.0,20.0,418.0,292.0
1589,140.0,44.0,332.0,109.0,186.0,18.0,449.0,406.0
1590,122.0,41.0,330.0,264.0,150.0,18.0,484.0,473.0
1591,120.0,35.0,334.0,124.0,226.0,21.0,390.0,267.0
1592,130.0,42.0,334.0,115.0,191.0,16.0,453.0,411.0
1593,136.0,39.0,324.0,153.0,210.0,20.0,433.0,297.0
1595,120.0,35.0,331.0,164.0,220.0,20.0,412.0,280.0
1596,136.0,40.0,327.0,120.0,217.0,21.0,425.0,294.0
1597,121.0,41.0,329.0,263.0,198.0,17.0,443.0,434.0
1598,128.0,39.0,329.0,171.0,224.0,21.0,421.0,286.0
1599,103.0,38.0,323.0,268.0,158.0,19.0,504.0,490.0
1600,117.0,31.0,324.0,144.0,205.0,16.0,381.0,289.0
1601,137.0,35.0,330.0,139.0,201.0,16.0,366.0,269.0
1606,121.0,32.0,324.0,139.0,201.0,16.0,361.0,283.0
1607,136.0,34.0,321.0,130.0,7.0,16.0,352.0,290.0
1615,127.0,31.0,317.0,217.0,-9.0,25.0,318.0,288.0
1618,119.0,29.0,314.0,218.0,-14.0,33.0,338.0,313.0
1622,122.0,30.0,308.0,219.0,-26.0,37.0,323.0,316.0
1623,135.0,34.0,326.0,135.0,198.0,16.0,356.0,281.0
1624,144.0,36.0,327.0,134.0,196.0,16.0,358.0,279.0
1627,126.0,33.0,324.0,137.0,199.0,16.0,361.0,286.0
1628,131.0,33.0,318.0,126.0,4.0,18.0,324.0,286.0
1629,137.0,35.0,317.0,129.0,11.0,19.0,326.0,283.0
1632,128.0,32.0,317.0,217.0,-7.0,25.0,306.0,281.0
1635,123.0,30.0,307.0,218.0,-29.0,37.0,324.0,319.0
1638,133.0,34.0,314.0,124.0,6.0,18.0,327.0,288.0
1641,116.0,29.0,311.0,217.0,-19.0,29.0,313.0,293.0
1644,118.0,28.0,309.0,222.0,-35.0,34.0,329.0,314.0
1645,135.0,34.0,320.0,179.0,1.0,19.0,298.0,269.0
1646,136.0,36.0,249.0,-56.0,131.0,26.0,232.0,141.0
1647,131.0,36.0,252.0,-47.0,139.0,22.0,187.0,145.0
1648,159.0,35.0,305.0,170.0,-65.0,59.0,159.0,132.0
1649,146.0,34.0,271.0,147.0,-74.0,52.0,182.0,153.0
1650,156.0,33.0,294.0,166.0,-57.0,60.0,153.0,131.0
1651,157.0,33.0,295.0,164.0,-93.0,66.0,155.0,133.0
1652,148.0,30.0,291.0,164.0,-110.0,69.0,166.0,151.0
1654,122.0,34.0,270.0,105.0,20.0,24.0,155.0,133.0
1655,135.0,36.0,244.0,-54.0,129.0,21.0,184.0,138.0
1656,143.0,38.0,252.0,120.0,-5.0,38.0,171.0,145.0
1657,134.0,33.0,281.0,155.0,-39.0,56.0,171.0,141.0
1658,141.0,34.0,287.0,160.0,-42.0,55.0,181.0,146.0
1659,156.0,34.0,295.0,163.0,-68.0,60.0,172.0,143.0
1665,145.0,37.0,253.0,119.0,-46.0,35.0,155.0,134.0
1666,151.0,37.0,275.0,139.0,-49.0,52.0,143.0,123.0
1668,143.0,38.0,247.0,70.0,-61.0,29.0,216.0,171.0
1671,148.0,36.0,241.0,57.0,88.0,19.0,131.0,112.0
1673,124.0,35.0,271.0,106.0,21.0,23.0,157.0,131.0
1677,154.0,38.0,241.0,101.0,-91.0,35.0,133.0,120.0
1678,140.0,38.0,275.0,-28.0,153.0,39.0,330.0,128.0
1679,131.0,35.0,226.0,65.0,-18.0,27.0,196.0,174.0
1680,146.0,35.0,272.0,150.0,-64.0,65.0,152.0,135.0
1681,155.0,38.0,280.0,141.0,-49.0,65.0,123.0,109.0
1682,147.0,37.0,276.0,142.0,-44.0,53.0,153.0,127.0
1684,128.0,29.0,315.0,216.0,-36.0,47.0,326.0,321.0
1685,132.0,31.0,319.0,213.0,-28.0,52.0,299.0,280.0
1686,125.0,29.0,312.0,212.0,-36.0,53.0,296.0,279.0
1687,140.0,32.0,314.0,205.0,-34.0,59.0,290.0,263.0
1688,142.0,33.0,309.0,198.0,-35.0,63.0,278.0,252.0
1689,119.0,28.0,305.0,211.0,-40.0,52.0,305.0,291.0
1690,129.0,30.0,314.0,212.0,-38.0,53.0,294.0,272.0
1691,127.0,29.0,314.0,211.0,-44.0,54.0,298.0,277.0
1692,149.0,33.0,310.0,194.0,-47.0,58.0,268.0,254.0
1693,156.0,35.0,317.0,195.0,-38.0,66.0,232.0,197.0
1694,131.0,29.0,304.0,201.0,-58.0,52.0,300.0,270.0
1695,136.0,30.0,316.0,203.0,-55.0,57.0,257.0,239.0
1696,145.0,32.0,310.0,195.0,-48.0,57.0,266.0,252.0
1697,140.0,32.0,313.0,196.0,-44.0,60.0,262.0,239.0
1698,148.0,34.0,310.0,190.0,-42.0,64.0,253.0,228.0
1699,148.0,34.0,307.0,191.0,-41.0,63.0,271.0,245.0
1700,157.0,35.0,308.0,178.0,-52.0,72.0,238.0,202.0
1701,151.0,34.0,312.0,195.0,-36.0,66.0,263.0,233.0
1702,155.0,35.0,310.0,188.0,-43.0,63.0,255.0,221.0
1703,160.0,36.0,304.0,180.0,-43.0,69.0,218.0,180.0
1704,165.0,39.0,307.0,174.0,-28.0,63.0,190.0,151.0
1705,157.0,35.0,309.0,186.0,-46.0,62.0,252.0,225.0
1706,158.0,36.0,309.0,179.0,-36.0,67.0,222.0,185.0
1707,163.0,37.0,306.0,171.0,-44.0,68.0,205.0,163.0
1708,142.0,32.0,306.0,196.0,-51.0,56.0,262.0,253.0
1709,131.0,29.0,304.0,201.0,-56.0,54.0,290.0,259.0
1710,161.0,37.0,303.0,171.0,-40.0,67.0,203.0,162.0
1711,166.0,41.0,306.0,-13.0,174.0,28.0,91.0,53.0
1712,169.0,43.0,328.0,20.0,201.0,41.0,94.0,33.0
1713,159.0,40.0,308.0,65.0,187.0,21.0,93.0,58.0
1721,175.0,43.0,336.0,16.0,208.0,35.0,71.0,30.0
1722,156.0,42.0,280.0,-9.0,161.0,31.0,118.0,55.0
1723,177.0,43.0,340.0,149.0,213.0,22.0,40.0,28.0
1724,171.0,44.0,277.0,41.0,67.0,11.0,75.0,65.0
1728,125.0,31.0,278.0,34.0,195.0,12.0,330.0,253.0
1730,126.0,31.0,270.0,24.0,-42.0,10.0,317.0,276.0
1732,126.0,31.0,270.0,24.0,-42.0,10.0,317.0,276.0
1743,121.0,31.0,280.0,41.0,191.0,11.0,319.0,257.0
1748,123.0,33.0,292.0,205.0,-13.0,11.0,337.0,333.0
1749,101.0,29.0,284.0,216.0,151.0,11.0,321.0,311.0
1750,125.0,32.0,280.0,179.0,-30.0,12.0,330.0,327.0
1751,121.0,32.0,292.0,205.0,-13.0,11.0,331.0,327.0
1752,122.0,32.0,276.0,178.0,-35.0,13.0,322.0,315.0
1753,123.0,33.0,281.0,182.0,-10.0,12.0,350.0,346.0
1754,117.0,32.0,296.0,213.0,-4.0,12.0,343.0,330.0
1755,108.0,30.0,293.0,217.0,2.0,11.0,331.0,319.0
1760,123.0,33.0,292.0,205.0,-13.0,11.0,337.0,333.0
1761,125.0,33.0,285.0,196.0,-12.0,11.0,327.0,324.0
1763,157.0,39.0,302.0,193.0,131.0,44.0,112.0,95.0
1768,177.0,42.0,316.0,200.0,-10.0,54.0,121.0,104.0
1771,195.0,48.0,290.0,174.0,116.0,64.0,168.0,140.0
1772,182.0,45.0,343.0,238.0,66.0,65.0,167.0,163.0
1773,171.0,44.0,329.0,239.0,58.0,67.0,190.0,190.0
1774,206.0,52.0,284.0,168.0,113.0,69.0,200.0,165.0
1775,185.0,48.0,319.0,211.0,80.0,82.0,161.0,132.0
1776,178.0,46.0,324.0,218.0,83.0,64.0,162.0,146.0
1777,173.0,45.0,336.0,238.0,73.0,65.0,159.0,142.0
1778,178.0,46.0,328.0,228.0,42.0,67.0,194.0,186.0
1779,189.0,48.0,345.0,239.0,143.0,72.0,149.0,124.0
1780,184.0,48.0,342.0,240.0,147.0,71.0,137.0,119.0
1781,136.0,45.0,234.0,150.0,72.0,71.0,307.0,284.0
1782,172.0,45.0,347.0,248.0,83.0,64.0,153.0,130.0
1783,186.0,49.0,340.0,231.0,188.0,72.0,182.0,152.0
1784,165.0,40.0,321.0,209.0,146.0,35.0,89.0,71.0
1785,167.0,40.0,303.0,189.0,127.0,39.0,120.0,101.0
1787,178.0,44.0,296.0,186.0,124.0,48.0,140.0,118.0
1788,164.0,43.0,261.0,153.0,99.0,48.0,192.0,166.0
1789,168.0,43.0,284.0,173.0,119.0,43.0,179.0,162.0
1793,174.0,45.0,305.0,195.0,24.0,55.0,172.0,153.0
1794,177.0,45.0,324.0,216.0,45.0,65.0,171.0,166.0
1795,162.0,43.0,325.0,239.0,38.0,65.0,197.0,197.0
1796,205.0,53.0,281.0,167.0,112.0,62.0,229.0,191.0
1797,182.0,47.0,323.0,216.0,85.0,81.0,160.0,131.0
1798,192.0,47.0,343.0,230.0,97.0,68.0,128.0,107.0
1799,181.0,47.0,330.0,225.0,61.0,69.0,165.0,154.0
1800,187.0,45.0,351.0,245.0,69.0,65.0,156.0,148.0
1801,195.0,50.0,350.0,241.0,188.0,64.0,158.0,131.0
1802,179.0,48.0,317.0,212.0,123.0,79.0,198.0,163.0
1803,153.0,46.0,280.0,188.0,72.0,69.0,219.0,200.0
1804,150.0,45.0,303.0,214.0,98.0,76.0,141.0,134.0
1805,170.0,45.0,335.0,239.0,73.0,62.0,188.0,180.0
1806,187.0,49.0,344.0,235.0,190.0,78.0,158.0,132.0
1807,185.0,47.0,360.0,253.0,160.0,89.0,131.0,107.0
1808,172.0,44.0,281.0,171.0,115.0,51.0,161.0,137.0
1811,181.0,45.0,328.0,215.0,38.0,64.0,121.0,101.0
1812,190.0,47.0,334.0,222.0,52.0,69.0,130.0,109.0
1813,170.0,46.0,302.0,196.0,61.0,66.0,193.0,180.0
1814,187.0,48.0,339.0,233.0,140.0,77.0,159.0,131.0
1819,182.0,47.0,306.0,197.0,62.0,74.0,169.0,140.0
1820,182.0,47.0,333.0,226.0,59.0,69.0,159.0,150.0
1821,166.0,39.0,319.0,165.0,140.0,30.0,105.0,84.0
1822,202.0,50.0,295.0,178.0,120.0,68.0,167.0,140.0
1823,96.0,28.0,281.0,94.0,1.0,8.0,312.0,286.0
1824,123.0,32.0,286.0,185.0,-18.0,10.0,305.0,294.0
1825,121.0,31.0,285.0,186.0,-15.0,10.0,304.0,296.0
1826,118.0,31.0,288.0,189.0,-27.0,12.0,316.0,305.0
1827,114.0,30.0,268.0,128.0,-31.0,12.0,333.0,318.0
1828,108.0,29.0,238.0,105.0,-53.0,10.0,347.0,332.0
1834,110.0,29.0,248.0,157.0,-48.0,11.0,324.0,314.0
1836,109.0,29.0,262.0,167.0,-37.0,14.0,281.0,280.0
1837,116.0,31.0,260.0,163.0,-40.0,13.0,294.0,292.0
1838,111.0,30.0,252.0,157.0,-47.0,13.0,297.0,295.0
1839,113.0,30.0,262.0,166.0,-36.0,13.0,291.0,288.0
1842,108.0,29.0,261.0,166.0,-37.0,15.0,281.0,280.0
1843,107.0,29.0,262.0,188.0,-38.0,15.0,284.0,284.0
1844,112.0,30.0,267.0,170.0,-31.0,16.0,276.0,272.0
1845,124.0,32.0,259.0,155.0,-45.0,22.0,294.0,293.0
1846,105.0,28.0,272.0,200.0,-28.0,19.0,245.0,245.0
1847,111.0,30.0,271.0,194.0,-32.0,20.0,248.0,248.0
1848,111.0,30.0,271.0,194.0,-32.0,20.0,248.0,248.0
1849,113.0,30.0,266.0,190.0,-36.0,22.0,256.0,256.0
1850,109.0,29.0,274.0,199.0,-30.0,20.0,242.0,242.0
1851,113.0,30.0,273.0,197.0,-31.0,22.0,253.0,253.0
1852,105.0,29.0,264.0,100.0,-32.0,13.0,288.0,277.0
1853,114.0,30.0,255.0,177.0,-48.0,19.0,296.0,296.0
1854,114.0,31.0,258.0,180.0,-41.0,15.0,327.0,327.0
1855,115.0,31.0,258.0,181.0,-43.0,17.0,299.0,299.0
1856,117.0,31.0,264.0,184.0,-41.0,21.0,278.0,278.0
1857,118.0,32.0,260.0,181.0,-39.0,16.0,332.0,332.0
1858,120.0,32.0,257.0,177.0,-46.0,21.0,298.0,298.0
1859,114.0,31.0,263.0,187.0,-35.0,15.0,341.0,341.0
1860,95.0,26.0,270.0,158.0,-29.0,11.0,248.0,236.0
1861,93.0,26.0,272.0,198.0,-26.0,13.0,230.0,222.0
1862,104.0,28.0,270.0,190.0,-32.0,18.0,241.0,240.0
1863,102.0,28.0,272.0,156.0,-30.0,16.0,225.0,220.0
1883,122.0,32.0,255.0,174.0,-43.0,18.0,325.0,325.0
1886,117.0,31.0,250.0,153.0,-49.0,14.0,329.0,321.0
1888,116.0,31.0,259.0,161.0,-42.0,14.0,292.0,290.0
1889,118.0,31.0,268.0,187.0,-38.0,23.0,269.0,269.0
1890,100.0,28.0,269.0,157.0,-28.0,12.0,266.0,255.0
1893,110.0,30.0,285.0,90.0,-16.0,8.0,319.0,308.0
1894,118.0,31.0,281.0,184.0,-28.0,11.0,326.0,318.0
1897,120.0,39.0,317.0,254.0,135.0,31.0,519.0,493.0
1898,128.0,40.0,317.0,253.0,127.0,31.0,479.0,479.0
1899,129.0,40.0,316.0,253.0,126.0,27.0,443.0,443.0
1901,127.0,39.0,317.0,251.0,118.0,25.0,438.0,438.0
1902,131.0,39.0,319.0,248.0,108.0,16.0,353.0,353.0
1903,125.0,38.0,318.0,252.0,114.0,23.0,403.0,403.0
1904,131.0,38.0,314.0,243.0,100.0,12.0,329.0,329.0
1905,126.0,37.0,313.0,244.0,101.0,11.0,324.0,324.0
1906,133.0,39.0,322.0,250.0,108.0,13.0,339.0,339.0
1911,136.0,39.0,309.0,217.0,51.0,9.0,326.0,316.0
1912,137.0,40.0,299.0,208.0,46.0,9.0,346.0,340.0
1913,120.0,38.0,249.0,167.0,19.0,10.0,402.0,401.0
1914,122.0,39.0,315.0,252.0,133.0,30.0,496.0,474.0
1915,136.0,41.0,324.0,254.0,121.0,23.0,404.0,404.0
1918,136.0,39.0,307.0,216.0,53.0,9.0,337.0,331.0
1919,135.0,40.0,314.0,224.0,153.0,10.0,341.0,341.0
1920,134.0,39.0,310.0,218.0,56.0,9.0,342.0,340.0
1921,132.0,40.0,277.0,207.0,39.0,10.0,356.0,356.0
1922,111.0,36.0,315.0,254.0,131.0,27.0,480.0,468.0
1923,124.0,39.0,318.0,254.0,127.0,29.0,483.0,483.0
1924,124.0,40.0,318.0,256.0,130.0,31.0,492.0,492.0
1925,125.0,40.0,318.0,256.0,130.0,31.0,484.0,484.0
1926,129.0,40.0,315.0,250.0,116.0,25.0,416.0,416.0
1927,132.0,39.0,326.0,255.0,114.0,18.0,366.0,366.0
1930,127.0,38.0,315.0,248.0,107.0,15.0,351.0,351.0
1931,124.0,38.0,316.0,252.0,116.0,25.0,426.0,426.0
1932,129.0,38.0,317.0,248.0,108.0,14.0,349.0,349.0
1933,131.0,38.0,319.0,249.0,106.0,12.0,319.0,319.0
1934,138.0,39.0,313.0,221.0,56.0,10.0,323.0,314.0
1935,131.0,39.0,311.0,223.0,61.0,10.0,337.0,333.0
1936,132.0,39.0,313.0,225.0,154.0,10.0,332.0,332.0
1937,131.0,40.0,289.0,219.0,49.0,8.0,399.0,399.0
1941,133.0,38.0,316.0,243.0,100.0,11.0,323.0,323.0
1942,126.0,37.0,311.0,240.0,96.0,10.0,315.0,315.0
1943,138.0,39.0,303.0,210.0,45.0,10.0,328.0,318.0
1944,121.0,37.0,261.0,177.0,8.0,10.0,387.0,376.0
1948,130.0,37.0,315.0,242.0,97.0,10.0,316.0,316.0
1949,135.0,39.0,304.0,212.0,47.0,10.0,331.0,322.0
1950,126.0,38.0,262.0,176.0,4.0,10.0,350.0,334.0
1951,135.0,39.0,304.0,212.0,47.0,10.0,331.0,322.0
1952,133.0,38.0,315.0,241.0,95.0,10.0,313.0,313.0
1956,138.0,41.0,286.0,45.0,133.0,13.0,471.0,390.0
1957,133.0,41.0,285.0,49.0,134.0,8.0,489.0,460.0
1959,124.0,38.0,316.0,252.0,116.0,25.0,426.0,426.0
1961,129.0,38.0,317.0,249.0,109.0,17.0,370.0,370.0
1962,131.0,39.0,320.0,252.0,114.0,22.0,392.0,392.0
1963,126.0,40.0,318.0,253.0,126.0,27.0,473.0,473.0
1964,131.0,39.0,316.0,247.0,106.0,15.0,348.0,348.0
1985,96.0,26.0,264.0,151.0,-35.0,11.0,256.0,248.0
1986,90.0,25.0,277.0,213.0,-21.0,16.0,254.0,254.0
1987,100.0,26.0,256.0,172.0,-57.0,12.0,250.0,243.0
1988,97.0,26.0,267.0,186.0,-41.0,13.0,236.0,230.0
1989,101.0,27.0,262.0,179.0,-44.0,12.0,258.0,256.0
1996,105.0,27.0,257.0,83.0,-59.0,11.0,217.0,213.0
1997,110.0,28.0,256.0,-38.0,-17.0,15.0,272.0,228.0
1998,94.0,26.0,246.0,-32.0,-17.0,15.0,286.0,234.0
2002,96.0,26.0,275.0,205.0,-28.0,14.0,234.0,234.0
2003,126.0,25.0,246.0,163.0,-152.0,42.0,265.0,265.0
2004,124.0,27.0,235.0,155.0,-129.0,35.0,264.0,264.0
2006,110.0,25.0,247.0,162.0,-42.0,19.0,291.0,273.0
2007,121.0,25.0,237.0,144.0,-78.0,26.0,278.0,272.0
2008,113.0,26.0,245.0,158.0,-44.0,18.0,292.0,276.0
2009,118.0,24.0,236.0,142.0,-74.0,30.0,265.0,263.0
2010,110.0,24.0,241.0,155.0,-61.0,22.0,270.0,266.0
2013,107.0,26.0,246.0,69.0,-79.0,12.0,247.0,239.0
2014,111.0,28.0,251.0,-48.0,-24.0,17.0,309.0,232.0
2015,109.0,22.0,252.0,176.0,-146.0,51.0,285.0,285.0
2016,97.0,20.0,250.0,181.0,-154.0,46.0,263.0,263.0
2017,108.0,21.0,244.0,167.0,-172.0,47.0,255.0,255.0
2021,125.0,26.0,228.0,134.0,-152.0,24.0,255.0,251.0
2022,119.0,26.0,224.0,101.0,-64.0,21.0,283.0,255.0
2023,123.0,25.0,238.0,142.0,-84.0,25.0,275.0,268.0
2024,119.0,24.0,253.0,171.0,-146.0,49.0,287.0,287.0
2025,116.0,23.0,254.0,176.0,-148.0,53.0,289.0,289.0
2026,120.0,26.0,218.0,132.0,-75.0,22.0,256.0,246.0
2027,105.0,21.0,240.0,166.0,-162.0,44.0,285.0,285.0
2028,130.0,26.0,237.0,138.0,-84.0,24.0,279.0,270.0
2031,103.0,26.0,255.0,84.0,-58.0,10.0,224.0,209.0
2032,101.0,26.0,259.0,177.0,-11.0,13.0,232.0,229.0
2034,111.0,26.0,247.0,67.0,-34.0,14.0,282.0,252.0
2035,101.0,21.0,242.0,170.0,-157.0,47.0,284.0,284.0
2038,97.0,27.0,262.0,193.0,-36.0,12.0,252.0,252.0
2039,100.0,26.0,256.0,172.0,-57.0,12.0,250.0,243.0
2040,98.0,27.0,267.0,186.0,-38.0,11.0,247.0,240.0
2041,100.0,27.0,255.0,172.0,-54.0,11.0,267.0,257.0
2042,101.0,27.0,256.0,175.0,-50.0,10.0,262.0,256.0
2043,95.0,26.0,250.0,-28.0,-11.0,11.0,284.0,249.0
2049,111.0,28.0,253.0,-44.0,-21.0,16.0,294.0,232.0
2050,102.0,27.0,260.0,176.0,-11.0,12.0,239.0,232.0
2055,108.0,26.0,244.0,65.0,-37.0,15.0,294.0,254.0
2056,132.0,27.0,240.0,140.0,-78.0,23.0,271.0,263.0
2057,102.0,25.0,249.0,9.0,153.0,18.0,303.0,223.0
2059,104.0,24.0,249.0,127.0,-40.0,16.0,264.0,237.0
2060,117.0,24.0,241.0,150.0,-70.0,24.0,273.0,268.0
2061,128.0,26.0,236.0,140.0,-74.0,23.0,260.0,255.0
2062,109.0,26.0,247.0,68.0,-32.0,12.0,266.0,252.0
2063,112.0,27.0,248.0,69.0,-32.0,14.0,287.0,248.0
2064,128.0,27.0,223.0,129.0,-138.0,21.0,261.0,243.0
2065,127.0,25.0,239.0,152.0,-162.0,41.0,289.0,289.0
2066,127.0,25.0,240.0,152.0,-161.0,30.0,263.0,263.0
2067,131.0,27.0,237.0,139.0,-74.0,24.0,256.0,249.0
2068,124.0,25.0,225.0,132.0,-86.0,26.0,263.0,262.0
2069,133.0,28.0,238.0,140.0,-141.0,23.0,258.0,251.0
2070,100.0,21.0,242.0,169.0,-159.0,46.0,281.0,281.0
2071,106.0,21.0,243.0,165.0,-140.0,46.0,275.0,275.0
2072,121.0,24.0,236.0,154.0,-178.0,38.0,287.0,287.0
2073,135.0,26.0,242.0,149.0,-176.0,36.0,269.0,269.0
2076,105.0,25.0,246.0,126.0,-36.0,16.0,284.0,256.0
2079,97.0,26.0,245.0,164.0,-20.0,11.0,276.0,262.0
2080,93.0,25.0,256.0,95.0,-42.0,11.0,213.0,206.0
2081,92.0,26.0,266.0,158.0,-30.0,12.0,241.0,234.0
2082,99.0,27.0,261.0,178.0,-48.0,13.0,259.0,250.0
2086,107.0,26.0,255.0,79.0,-19.0,11.0,235.0,229.0
2087,107.0,27.0,256.0,82.0,-17.0,12.0,243.0,232.0
2092,109.0,26.0,243.0,121.0,-85.0,12.0,251.0,246.0
2093,109.0,26.0,247.0,2.0,-32.0,16.0,310.0,242.0
2094,104.0,26.0,252.0,-48.0,155.0,21.0,325.0,221.0
2095,108.0,26.0,244.0,65.0,-37.0,15.0,294.0,254.0
2098,132.0,27.0,290.0,175.0,-114.0,62.0,218.0,211.0
2099,132.0,27.0,289.0,173.0,-115.0,67.0,213.0,204.0
2100,137.0,28.0,287.0,170.0,-117.0,66.0,214.0,205.0
2101,120.0,24.0,274.0,192.0,-136.0,58.0,221.0,221.0
2102,118.0,24.0,273.0,193.0,-136.0,59.0,221.0,221.0
2103,131.0,26.0,284.0,195.0,-127.0,61.0,223.0,223.0
2104,132.0,26.0,283.0,194.0,-125.0,62.0,221.0,221.0
2105,134.0,27.0,289.0,173.0,-119.0,66.0,206.0,197.0
2106,132.0,27.0,285.0,171.0,-117.0,68.0,213.0,211.0
2107,122.0,24.0,269.0,187.0,-143.0,59.0,221.0,221.0
2108,123.0,25.0,278.0,195.0,-134.0,60.0,217.0,217.0
2109,127.0,26.0,273.0,187.0,-139.0,64.0,208.0,208.0
2110,130.0,26.0,275.0,188.0,-137.0,60.0,202.0,202.0
2111,130.0,27.0,286.0,171.0,-115.0,63.0,205.0,197.0
2112,138.0,30.0,284.0,165.0,-88.0,68.0,204.0,186.0
2113,135.0,28.0,284.0,167.0,-101.0,66.0,208.0,192.0
2114,133.0,27.0,278.0,163.0,-126.0,61.0,197.0,188.0
2115,132.0,27.0,273.0,161.0,-135.0,67.0,187.0,187.0
2116,134.0,28.0,276.0,159.0,-124.0,63.0,207.0,191.0
2118,139.0,27.0,282.0,189.0,-131.0,61.0,195.0,195.0
2119,135.0,28.0,287.0,169.0,-103.0,66.0,208.0,192.0
2120,135.0,29.0,287.0,168.0,-92.0,69.0,200.0,180.0
2121,143.0,30.0,299.0,175.0,-92.0,66.0,185.0,165.0
2122,138.0,29.0,301.0,179.0,-87.0,69.0,205.0,180.0
2124,140.0,30.0,298.0,176.0,-81.0,68.0,211.0,184.0
2125,136.0,29.0,289.0,170.0,-95.0,66.0,210.0,192.0
2126,134.0,27.0,272.0,156.0,-131.0,63.0,188.0,179.0
2127,131.0,27.0,280.0,165.0,-117.0,65.0,204.0,194.0
2128,134.0,27.0,286.0,169.0,-122.0,63.0,201.0,196.0
2129,136.0,28.0,287.0,172.0,-112.0,63.0,208.0,193.0
2130,126.0,26.0,256.0,173.0,-147.0,64.0,219.0,219.0
2131,130.0,27.0,288.0,175.0,-113.0,65.0,219.0,215.0
2132,128.0,26.0,274.0,188.0,-140.0,64.0,216.0,216.0
2133,144.0,30.0,300.0,180.0,-95.0,65.0,186.0,174.0
2134,139.0,29.0,290.0,171.0,-99.0,67.0,206.0,190.0
2135,114.0,29.0,290.0,193.0,-34.0,20.0,268.0,264.0
2136,118.0,30.0,285.0,186.0,-26.0,21.0,270.0,264.0
2137,109.0,29.0,284.0,190.0,-29.0,22.0,295.0,288.0
2138,104.0,28.0,287.0,195.0,-16.0,22.0,273.0,273.0
2139,111.0,29.0,288.0,195.0,-33.0,23.0,276.0,271.0
2140,111.0,30.0,283.0,188.0,-26.0,19.0,280.0,275.0
2141,114.0,31.0,279.0,183.0,-28.0,16.0,293.0,285.0
2142,111.0,30.0,273.0,179.0,-21.0,15.0,296.0,292.0
2143,108.0,29.0,271.0,199.0,-24.0,18.0,300.0,300.0
2144,115.0,31.0,279.0,182.0,-17.0,17.0,289.0,287.0
2145,112.0,29.0,289.0,197.0,-29.0,21.0,288.0,275.0
2146,115.0,29.0,292.0,197.0,-32.0,21.0,278.0,265.0
2147,116.0,31.0,290.0,196.0,-23.0,21.0,309.0,292.0
2148,119.0,31.0,290.0,195.0,-23.0,21.0,299.0,285.0
2149,120.0,31.0,281.0,185.0,-32.0,21.0,319.0,308.0
2150,113.0,30.0,279.0,184.0,-29.0,20.0,299.0,290.0
2151,118.0,31.0,281.0,187.0,-31.0,21.0,319.0,307.0
2152,119.0,32.0,285.0,188.0,-21.0,19.0,301.0,292.0
2153,121.0,33.0,288.0,194.0,-15.0,20.0,313.0,304.0
2158,131.0,35.0,293.0,198.0,-7.0,18.0,310.0,301.0
2160,121.0,32.0,291.0,196.0,-19.0,20.0,315.0,302.0
2161,131.0,35.0,293.0,198.0,-7.0,18.0,310.0,301.0
2162,123.0,34.0,295.0,222.0,-1.0,16.0,303.0,303.0
2163,128.0,35.0,294.0,200.0,-3.0,16.0,308.0,305.0
2164,123.0,33.0,288.0,194.0,-12.0,20.0,311.0,305.0
2167,107.0,28.0,294.0,220.0,-17.0,21.0,262.0,262.0
2168,100.0,27.0,284.0,195.0,-27.0,22.0,274.0,274.0
2169,114.0,31.0,279.0,183.0,-28.0,16.0,293.0,285.0
2170,119.0,31.0,293.0,199.0,-18.0,21.0,308.0,295.0
2171,120.0,32.0,287.0,192.0,-18.0,20.0,309.0,300.0
2172,123.0,33.0,288.0,193.0,-15.0,19.0,303.0,296.0
2174,118.0,31.0,290.0,197.0,-20.0,20.0,302.0,287.0
2176,124.0,34.0,292.0,198.0,-6.0,17.0,306.0,304.0
2177,132.0,36.0,330.0,152.0,47.0,23.0,418.0,296.0
2178,129.0,34.0,341.0,206.0,51.0,35.0,346.0,240.0
2181,132.0,35.0,342.0,204.0,47.0,34.0,350.0,248.0
2183,130.0,34.0,345.0,207.0,46.0,40.0,325.0,240.0
2184,149.0,37.0,348.0,197.0,34.0,53.0,248.0,203.0
2185,152.0,37.0,351.0,200.0,37.0,54.0,240.0,197.0
2191,148.0,35.0,356.0,245.0,27.0,46.0,253.0,224.0
2192,154.0,36.0,353.0,239.0,22.0,51.0,252.0,232.0
2193,153.0,36.0,348.0,236.0,19.0,50.0,242.0,223.0
2195,137.0,38.0,339.0,166.0,60.0,21.0,398.0,277.0
2196,128.0,35.0,331.0,155.0,49.0,24.0,415.0,296.0
2197,137.0,36.0,349.0,209.0,53.0,37.0,323.0,224.0
2200,135.0,34.0,346.0,201.0,37.0,46.0,289.0,227.0
2201,142.0,35.0,355.0,203.0,35.0,48.0,269.0,222.0
2205,134.0,33.0,349.0,241.0,21.0,44.0,286.0,254.0
2206,145.0,35.0,343.0,234.0,24.0,50.0,241.0,206.0
2207,156.0,37.0,343.0,228.0,16.0,53.0,233.0,217.0
2210,129.0,35.0,337.0,205.0,55.0,27.0,399.0,282.0
2230,96.0,23.0,229.0,147.0,-57.0,18.0,339.0,336.0
2231,95.0,23.0,241.0,160.0,-40.0,14.0,281.0,279.0
2232,115.0,24.0,231.0,140.0,-87.0,34.0,310.0,300.0
2233,109.0,23.0,226.0,140.0,-73.0,29.0,334.0,323.0
2234,97.0,23.0,225.0,141.0,-114.0,17.0,318.0,312.0
2235,101.0,24.0,226.0,142.0,-57.0,12.0,289.0,281.0
2236,102.0,25.0,218.0,133.0,-60.0,11.0,279.0,272.0
2237,85.0,23.0,209.0,-12.0,-53.0,10.0,292.0,279.0
2239,115.0,23.0,224.0,132.0,-159.0,36.0,325.0,310.0
2240,119.0,24.0,229.0,133.0,-154.0,35.0,324.0,313.0
2241,104.0,23.0,226.0,136.0,-71.0,17.0,298.0,293.0
2246,122.0,25.0,202.0,113.0,-106.0,27.0,344.0,332.0
2249,97.0,23.0,249.0,175.0,-38.0,18.0,344.0,344.0
2250,105.0,25.0,238.0,166.0,-43.0,21.0,319.0,319.0
2251,110.0,24.0,245.0,160.0,-54.0,23.0,281.0,274.0
2252,118.0,25.0,239.0,150.0,-65.0,25.0,311.0,302.0
2255,94.0,23.0,222.0,141.0,-62.0,18.0,363.0,362.0
2256,104.0,23.0,226.0,142.0,-67.0,24.0,359.0,348.0
2257,102.0,23.0,232.0,145.0,-63.0,22.0,330.0,326.0
2258,84.0,23.0,215.0,0.0,-42.0,11.0,308.0,267.0
2259,107.0,24.0,198.0,74.0,-91.0,15.0,318.0,311.0
2263,113.0,25.0,247.0,159.0,-103.0,22.0,300.0,284.0
2264,110.0,23.0,238.0,149.0,-69.0,27.0,305.0,293.0
2265,100.0,23.0,214.0,131.0,-75.0,22.0,403.0,394.0
2266,95.0,23.0,225.0,155.0,-59.0,19.0,372.0,372.0
2267,114.0,24.0,236.0,147.0,-75.0,29.0,305.0,298.0
2268,113.0,24.0,227.0,138.0,-78.0,30.0,321.0,312.0
2269,99.0,23.0,223.0,138.0,-69.0,21.0,349.0,343.0
2270,83.0,21.0,195.0,124.0,-72.0,13.0,321.0,314.0
2271,95.0,23.0,226.0,144.0,-53.0,13.0,267.0,260.0
2272,105.0,25.0,216.0,94.0,-111.0,11.0,260.0,244.0
2273,104.0,24.0,194.0,73.0,-144.0,17.0,328.0,320.0
2281,100.0,24.0,230.0,161.0,-99.0,20.0,322.0,322.0
2282,104.0,25.0,226.0,141.0,-61.0,12.0,302.0,292.0
2283,114.0,24.0,228.0,137.0,-80.0,33.0,320.0,312.0
2284,100.0,25.0,219.0,136.0,-54.0,10.0,258.0,250.0
2285,92.0,23.0,216.0,140.0,-60.0,13.0,310.0,308.0
2286,105.0,25.0,231.0,154.0,-54.0,14.0,298.0,298.0
2289,96.0,23.0,229.0,147.0,-57.0,18.0,339.0,336.0
2290,94.0,22.0,205.0,124.0,-80.0,20.0,407.0,402.0
2291,122.0,25.0,245.0,163.0,-136.0,56.0,183.0,183.0
2293,122.0,25.0,233.0,153.0,-146.0,58.0,205.0,205.0
2294,120.0,24.0,232.0,155.0,-154.0,57.0,214.0,214.0
2295,135.0,28.0,275.0,157.0,-123.0,65.0,173.0,163.0
2296,128.0,27.0,274.0,159.0,-26.0,50.0,156.0,151.0
2297,134.0,30.0,258.0,140.0,-28.0,50.0,165.0,153.0
2298,141.0,30.0,260.0,141.0,-32.0,46.0,145.0,144.0
2299,121.0,25.0,250.0,145.0,-130.0,57.0,188.0,185.0
2301,114.0,23.0,246.0,146.0,-153.0,56.0,181.0,179.0
2302,119.0,24.0,252.0,167.0,-123.0,59.0,170.0,170.0
2303,121.0,25.0,258.0,151.0,-127.0,55.0,155.0,155.0
2304,115.0,23.0,238.0,159.0,-172.0,50.0,193.0,193.0
2305,120.0,24.0,253.0,170.0,-133.0,53.0,165.0,165.0
2307,127.0,25.0,245.0,161.0,-150.0,53.0,190.0,190.0
2310,108.0,22.0,246.0,170.0,-130.0,56.0,174.0,174.0
2311,124.0,25.0,259.0,153.0,-126.0,53.0,158.0,157.0
2313,141.0,30.0,269.0,149.0,-27.0,49.0,140.0,140.0
2314,120.0,25.0,262.0,155.0,-33.0,51.0,154.0,152.0
2315,107.0,44.0,236.0,41.0,155.0,66.0,886.0,130.0
2316,111.0,42.0,267.0,51.0,182.0,59.0,506.0,87.0
2317,102.0,39.0,218.0,4.0,134.0,62.0,989.0,151.0
2320,159.0,47.0,280.0,11.0,157.0,44.0,119.0,47.0
2324,124.0,44.0,260.0,29.0,161.0,61.0,749.0,115.0
2325,153.0,43.0,279.0,-6.0,159.0,32.0,116.0,59.0
2326,153.0,41.0,287.0,-14.0,165.0,26.0,92.0,53.0
2328,139.0,48.0,285.0,46.0,178.0,68.0,484.0,59.0
2329,150.0,43.0,262.0,-14.0,145.0,55.0,237.0,54.0
2330,122.0,45.0,274.0,51.0,176.0,70.0,617.0,72.0
2331,117.0,44.0,264.0,49.0,174.0,58.0,654.0,109.0
2333,123.0,45.0,274.0,50.0,177.0,67.0,532.0,76.0
2334,104.0,42.0,245.0,39.0,161.0,58.0,906.0,149.0
2335,121.0,39.0,261.0,7.0,165.0,67.0,490.0,63.0
2337,122.0,47.0,273.0,60.0,177.0,72.0,705.0,72.0
2338,140.0,44.0,265.0,7.0,154.0,65.0,615.0,82.0
2339,134.0,42.0,232.0,-22.0,125.0,62.0,515.0,93.0
2340,105.0,52.0,214.0,64.0,142.0,73.0,954.0,90.0
2341,161.0,43.0,279.0,-14.0,155.0,25.0,94.0,58.0
2343,150.0,47.0,302.0,39.0,187.0,61.0,354.0,53.0
2344,156.0,45.0,262.0,-17.0,139.0,38.0,179.0,71.0
2345,99.0,44.0,219.0,41.0,146.0,63.0,1060.0,172.0
2346,130.0,41.0,245.0,-10.0,138.0,63.0,614.0,99.0
2347,154.0,45.0,282.0,10.0,164.0,61.0,303.0,52.0
2348,170.0,46.0,280.0,-8.0,150.0,41.0,168.0,59.0
2350,113.0,42.0,271.0,53.0,183.0,59.0,491.0,89.0
2351,121.0,40.0,250.0,2.0,154.0,60.0,499.0,83.0
2353,162.0,47.0,292.0,12.0,166.0,37.0,114.0,48.0
2357,116.0,50.0,228.0,50.0,144.0,73.0,839.0,84.0
2358,155.0,47.0,297.0,31.0,178.0,66.0,353.0,46.0
2359,146.0,44.0,268.0,3.0,155.0,63.0,403.0,58.0
2360,151.0,44.0,254.0,-17.0,138.0,39.0,185.0,54.0
2362,118.0,44.0,271.0,52.0,180.0,61.0,524.0,83.0
2363,145.0,44.0,262.0,-4.0,145.0,60.0,361.0,71.0
2365,120.0,45.0,268.0,51.0,173.0,66.0,630.0,79.0
2366,160.0,45.0,262.0,-20.0,135.0,65.0,359.0,64.0
2367,148.0,46.0,282.0,23.0,167.0,64.0,496.0,67.0
2368,165.0,45.0,280.0,-11.0,150.0,61.0,286.0,55.0
2369,150.0,42.0,269.0,-12.0,153.0,34.0,145.0,61.0
2370,158.0,44.0,280.0,91.0,157.0,25.0,92.0,59.0
2373,116.0,31.0,273.0,196.0,-24.0,17.0,311.0,311.0
2374,123.0,33.0,282.0,182.0,-25.0,17.0,299.0,295.0
2375,111.0,30.0,267.0,193.0,-28.0,16.0,322.0,322.0
2376,114.0,31.0,266.0,190.0,-30.0,16.0,333.0,333.0
2377,122.0,32.0,267.0,187.0,-33.0,17.0,343.0,343.0
2378,114.0,31.0,266.0,190.0,-30.0,16.0,333.0,333.0
2379,120.0,32.0,265.0,167.0,-43.0,16.0,341.0,339.0
2380,122.0,32.0,263.0,182.0,-36.0,16.0,341.0,341.0
2381,123.0,32.0,266.0,186.0,-32.0,17.0,343.0,343.0
2382,118.0,32.0,271.0,172.0,-35.0,17.0,318.0,310.0
2383,121.0,32.0,259.0,158.0,-40.0,20.0,326.0,323.0
2384,123.0,33.0,257.0,155.0,-42.0,18.0,335.0,335.0
2385,123.0,33.0,259.0,178.0,-38.0,16.0,341.0,341.0
2386,123.0,33.0,261.0,160.0,-46.0,16.0,340.0,337.0
2387,123.0,33.0,256.0,156.0,-40.0,16.0,344.0,343.0
2388,121.0,32.0,259.0,158.0,-40.0,20.0,326.0,323.0
2389,121.0,32.0,283.0,182.0,-29.0,17.0,302.0,292.0
2390,114.0,31.0,258.0,162.0,-45.0,23.0,286.0,276.0
2391,119.0,32.0,260.0,161.0,-48.0,19.0,323.0,319.0
2392,121.0,32.0,261.0,160.0,-36.0,22.0,281.0,275.0
2393,117.0,31.0,276.0,177.0,-33.0,17.0,319.0,306.0
2394,119.0,32.0,260.0,161.0,-48.0,19.0,323.0,319.0
2395,117.0,31.0,272.0,174.0,-35.0,20.0,303.0,291.0
2396,119.0,32.0,264.0,163.0,-45.0,23.0,268.0,259.0
2397,115.0,31.0,268.0,171.0,-29.0,17.0,286.0,279.0
2398,112.0,30.0,262.0,166.0,-33.0,16.0,286.0,280.0
2399,117.0,31.0,271.0,173.0,-37.0,22.0,290.0,277.0
2400,115.0,31.0,267.0,170.0,-38.0,20.0,309.0,297.0
2401,118.0,31.0,280.0,181.0,-16.0,18.0,310.0,299.0
2402,114.0,31.0,257.0,162.0,-34.0,11.0,343.0,329.0
2403,120.0,32.0,260.0,164.0,-35.0,12.0,308.0,298.0
2404,119.0,31.0,259.0,163.0,-34.0,12.0,313.0,302.0
2405,117.0,31.0,258.0,162.0,-35.0,12.0,326.0,315.0
2406,115.0,30.0,258.0,162.0,-40.0,13.0,307.0,303.0
2407,116.0,31.0,251.0,156.0,-44.0,12.0,323.0,314.0
2408,121.0,32.0,285.0,187.0,-20.0,17.0,296.0,285.0
2409,125.0,34.0,280.0,185.0,-17.0,17.0,319.0,309.0
2410,126.0,34.0,282.0,186.0,-15.0,17.0,312.0,303.0
2411,124.0,33.0,278.0,180.0,-27.0,16.0,333.0,327.0
2412,126.0,33.0,278.0,178.0,-31.0,17.0,326.0,325.0
2413,126.0,34.0,283.0,184.0,-21.0,16.0,318.0,313.0
2414,124.0,33.0,278.0,178.0,-31.0,17.0,323.0,320.0
2415,123.0,33.0,276.0,178.0,-30.0,16.0,334.0,330.0
2416,125.0,33.0,277.0,178.0,-30.0,17.0,326.0,324.0
2417,121.0,33.0,272.0,174.0,-32.0,13.0,340.0,329.0
2418,121.0,33.0,268.0,169.0,-37.0,16.0,329.0,318.0
2419,116.0,32.0,281.0,185.0,-22.0,15.0,297.0,281.0
2420,113.0,31.0,262.0,167.0,-39.0,17.0,318.0,310.0
2421,116.0,32.0,281.0,185.0,-22.0,15.0,297.0,281.0
2422,119.0,32.0,280.0,182.0,-24.0,15.0,304.0,289.0
2423,116.0,32.0,265.0,168.0,-37.0,17.0,318.0,307.0
2424,116.0,32.0,283.0,186.0,-22.0,15.0,296.0,282.0
2425,110.0,30.0,274.0,180.0,-30.0,15.0,310.0,297.0
2426,113.0,31.0,284.0,189.0,-20.0,14.0,299.0,282.0
2427,114.0,31.0,280.0,184.0,-27.0,15.0,315.0,300.0
2428,115.0,31.0,295.0,156.0,-9.0,10.0,288.0,273.0
2429,112.0,31.0,277.0,182.0,-26.0,15.0,300.0,289.0
2430,117.0,31.0,290.0,192.0,-18.0,14.0,310.0,293.0
2431,111.0,30.0,299.0,204.0,-7.0,11.0,285.0,274.0
2432,112.0,30.0,289.0,194.0,-16.0,12.0,305.0,292.0
2433,115.0,31.0,277.0,180.0,-15.0,12.0,345.0,332.0
2435,115.0,31.0,277.0,180.0,-15.0,12.0,345.0,332.0
2436,119.0,32.0,291.0,202.0,-7.0,11.0,325.0,320.0
2437,128.0,35.0,285.0,188.0,-11.0,17.0,312.0,306.0
2438,119.0,33.0,257.0,166.0,-35.0,13.0,318.0,309.0
2439,120.0,33.0,261.0,169.0,-31.0,13.0,307.0,297.0
2440,124.0,33.0,277.0,177.0,-31.0,17.0,316.0,315.0
2441,118.0,31.0,263.0,183.0,-37.0,16.0,340.0,340.0
2442,116.0,31.0,266.0,169.0,-40.0,20.0,300.0,290.0
2443,120.0,32.0,285.0,184.0,-28.0,17.0,298.0,287.0
2444,115.0,31.0,261.0,164.0,-44.0,24.0,284.0,271.0
2445,123.0,33.0,278.0,179.0,-28.0,17.0,310.0,305.0
2446,126.0,34.0,282.0,184.0,-22.0,16.0,314.0,309.0
2447,124.0,33.0,276.0,179.0,-26.0,14.0,327.0,320.0
2448,114.0,31.0,289.0,194.0,-15.0,12.0,297.0,279.0
2449,113.0,31.0,284.0,190.0,-19.0,13.0,297.0,280.0
2450,116.0,31.0,292.0,194.0,-16.0,13.0,304.0,291.0
2452,115.0,31.0,291.0,196.0,1.0,14.0,320.0,306.0
2453,114.0,31.0,289.0,195.0,0.0,14.0,325.0,311.0
2454,114.0,31.0,289.0,195.0,0.0,14.0,325.0,311.0
2455,115.0,31.0,292.0,195.0,-11.0,12.0,325.0,321.0
2456,114.0,31.0,293.0,199.0,5.0,12.0,318.0,309.0
2457,122.0,33.0,266.0,171.0,-29.0,14.0,337.0,329.0
2458,119.0,33.0,281.0,185.0,-19.0,14.0,289.0,273.0
2459,118.0,32.0,295.0,155.0,-8.0,10.0,292.0,275.0
2464,114.0,31.0,289.0,195.0,0.0,14.0,325.0,311.0
2465,123.0,39.0,326.0,261.0,139.0,28.0,454.0,454.0
2466,117.0,39.0,328.0,268.0,148.0,35.0,475.0,475.0
2467,128.0,40.0,326.0,259.0,134.0,26.0,445.0,445.0
2468,131.0,40.0,329.0,260.0,126.0,24.0,396.0,396.0
2469,138.0,41.0,332.0,259.0,123.0,19.0,376.0,376.0
2470,135.0,40.0,325.0,256.0,120.0,22.0,391.0,391.0
2471,130.0,40.0,324.0,256.0,120.0,20.0,374.0,374.0
2472,137.0,40.0,328.0,255.0,114.0,16.0,338.0,338.0
2473,132.0,40.0,315.0,74.0,160.0,13.0,425.0,351.0
2474,139.0,41.0,330.0,86.0,171.0,15.0,351.0,317.0
2475,133.0,40.0,317.0,71.0,157.0,10.0,371.0,350.0
2476,130.0,39.0,325.0,255.0,118.0,18.0,359.0,359.0
2477,134.0,41.0,297.0,59.0,145.0,10.0,476.0,423.0
2478,138.0,40.0,317.0,69.0,157.0,11.0,346.0,336.0
2479,138.0,41.0,329.0,81.0,166.0,14.0,351.0,317.0
2480,131.0,40.0,320.0,251.0,113.0,17.0,356.0,356.0
2481,133.0,39.0,327.0,257.0,117.0,20.0,378.0,378.0
2482,136.0,42.0,333.0,263.0,137.0,25.0,419.0,419.0
2483,124.0,40.0,322.0,259.0,135.0,27.0,452.0,452.0
2484,133.0,42.0,333.0,264.0,141.0,28.0,446.0,446.0
2485,121.0,40.0,327.0,264.0,144.0,32.0,476.0,476.0
2486,119.0,39.0,326.0,264.0,142.0,30.0,467.0,467.0
2487,138.0,41.0,331.0,258.0,119.0,17.0,351.0,351.0
2488,127.0,39.0,317.0,75.0,161.0,12.0,394.0,336.0
2489,132.0,40.0,322.0,75.0,161.0,12.0,361.0,310.0
2490,135.0,40.0,317.0,70.0,157.0,10.0,359.0,342.0
2495,149.0,31.0,318.0,194.0,-70.0,61.0,225.0,204.0
2496,142.0,31.0,319.0,198.0,-49.0,60.0,259.0,228.0
2497,150.0,33.0,316.0,190.0,-50.0,67.0,237.0,208.0
2501,146.0,30.0,312.0,190.0,-77.0,62.0,220.0,201.0
2502,151.0,31.0,317.0,189.0,-82.0,60.0,214.0,199.0
2507,136.0,28.0,290.0,173.0,-112.0,64.0,218.0,206.0
2508,131.0,28.0,306.0,188.0,-80.0,60.0,205.0,183.0
2509,131.0,28.0,303.0,187.0,-85.0,60.0,198.0,178.0
2513,147.0,31.0,322.0,194.0,-60.0,63.0,209.0,180.0
2515,154.0,34.0,329.0,198.0,-40.0,68.0,208.0,175.0
2516,134.0,29.0,318.0,195.0,-41.0,65.0,208.0,183.0
2520,135.0,29.0,306.0,187.0,-80.0,62.0,205.0,178.0
2521,137.0,29.0,303.0,182.0,-83.0,65.0,207.0,179.0
2522,141.0,30.0,319.0,194.0,-64.0,62.0,208.0,180.0
2530,117.0,32.0,325.0,146.0,207.0,17.0,385.0,283.0
2531,124.0,36.0,322.0,156.0,211.0,19.0,410.0,280.0
2532,119.0,33.0,327.0,156.0,214.0,19.0,401.0,276.0
2533,124.0,35.0,325.0,154.0,211.0,18.0,400.0,282.0
2534,131.0,37.0,323.0,150.0,208.0,18.0,406.0,293.0
2535,127.0,36.0,322.0,151.0,208.0,18.0,405.0,292.0
2536,123.0,34.0,321.0,148.0,207.0,16.0,392.0,306.0
2538,136.0,39.0,317.0,146.0,202.0,18.0,425.0,313.0
2541,141.0,39.0,317.0,142.0,199.0,18.0,423.0,315.0
2557,127.0,39.0,266.0,180.0,27.0,11.0,368.0,363.0
2563,89.0,38.0,331.0,266.0,198.0,55.0,278.0,171.0
2564,121.0,43.0,358.0,268.0,163.0,51.0,242.0,183.0
2565,131.0,44.0,364.0,266.0,159.0,52.0,220.0,164.0
2566,118.0,41.0,355.0,267.0,159.0,47.0,266.0,199.0
2567,133.0,44.0,363.0,265.0,155.0,52.0,214.0,159.0
2569,132.0,42.0,358.0,259.0,138.0,36.0,240.0,187.0
2570,133.0,42.0,362.0,263.0,145.0,42.0,232.0,178.0
2571,136.0,42.0,364.0,251.0,140.0,39.0,222.0,181.0
2579,130.0,40.0,357.0,238.0,126.0,33.0,295.0,199.0
2580,133.0,41.0,345.0,228.0,101.0,31.0,276.0,213.0
2581,130.0,41.0,356.0,242.0,133.0,32.0,252.0,187.0
2584,142.0,40.0,349.0,223.0,85.0,34.0,241.0,184.0
2585,141.0,42.0,338.0,219.0,87.0,36.0,239.0,204.0
2586,150.0,42.0,347.0,221.0,93.0,38.0,216.0,188.0
2589,129.0,38.0,352.0,227.0,104.0,31.0,268.0,179.0
2590,134.0,39.0,351.0,225.0,101.0,31.0,263.0,176.0
2591,136.0,39.0,348.0,221.0,83.0,30.0,253.0,183.0
2592,152.0,42.0,352.0,224.0,93.0,39.0,215.0,181.0
2593,145.0,40.0,353.0,224.0,93.0,34.0,238.0,184.0
2596,128.0,36.0,354.0,221.0,277.0,25.0,329.0,197.0
2597,133.0,37.0,353.0,221.0,75.0,30.0,285.0,197.0
2598,137.0,39.0,350.0,220.0,90.0,32.0,279.0,188.0
2599,136.0,38.0,346.0,219.0,74.0,36.0,233.0,194.0
2600,144.0,38.0,356.0,223.0,70.0,36.0,235.0,185.0
2601,133.0,37.0,343.0,173.0,264.0,17.0,359.0,263.0
2602,133.0,37.0,340.0,170.0,261.0,18.0,369.0,272.0
2603,129.0,36.0,346.0,170.0,270.0,24.0,348.0,225.0
2604,131.0,36.0,346.0,171.0,271.0,22.0,346.0,233.0
2605,120.0,34.0,348.0,217.0,68.0,32.0,335.0,225.0
2606,129.0,35.0,350.0,220.0,69.0,33.0,302.0,200.0
2607,129.0,35.0,351.0,216.0,67.0,33.0,313.0,209.0
2608,144.0,37.0,360.0,221.0,65.0,42.0,251.0,185.0
2609,148.0,37.0,363.0,218.0,55.0,43.0,235.0,188.0
2617,154.0,41.0,336.0,239.0,54.0,54.0,206.0,195.0
2618,173.0,44.0,328.0,231.0,59.0,62.0,202.0,200.0
2619,155.0,38.0,347.0,237.0,38.0,55.0,230.0,211.0
2620,165.0,42.0,326.0,239.0,33.0,62.0,207.0,207.0
2622,152.0,39.0,333.0,232.0,38.0,57.0,217.0,214.0
2623,152.0,38.0,362.0,255.0,53.0,47.0,215.0,189.0
2625,151.0,40.0,355.0,230.0,68.0,48.0,208.0,183.0
2627,130.0,43.0,371.0,272.0,164.0,55.0,218.0,154.0
2628,136.0,42.0,376.0,269.0,151.0,46.0,202.0,151.0
2631,125.0,37.0,352.0,230.0,94.0,30.0,282.0,182.0
2632,127.0,39.0,346.0,228.0,97.0,32.0,281.0,197.0
2634,151.0,39.0,363.0,223.0,82.0,44.0,226.0,192.0
2637,131.0,43.0,370.0,271.0,160.0,55.0,207.0,150.0
2638,140.0,43.0,376.0,270.0,153.0,46.0,196.0,143.0
2639,126.0,35.0,343.0,213.0,63.0,28.0,353.0,235.0
2640,111.0,42.0,351.0,270.0,173.0,51.0,239.0,185.0
2641,134.0,44.0,364.0,265.0,155.0,51.0,215.0,165.0
2642,136.0,42.0,379.0,275.0,158.0,60.0,213.0,136.0
2643,132.0,42.0,361.0,262.0,142.0,38.0,233.0,187.0
2651,124.0,38.0,353.0,236.0,122.0,33.0,280.0,185.0
2652,143.0,41.0,348.0,225.0,91.0,37.0,242.0,192.0
2653,147.0,43.0,338.0,227.0,93.0,37.0,221.0,202.0
2665,168.0,45.0,352.0,255.0,167.0,75.0,126.0,107.0
2668,126.0,35.0,351.0,218.0,275.0,26.0,338.0,206.0
2669,135.0,37.0,360.0,227.0,95.0,33.0,302.0,192.0
2670,140.0,38.0,356.0,223.0,86.0,31.0,262.0,193.0
2671,148.0,40.0,345.0,227.0,68.0,47.0,219.0,176.0
2674,128.0,35.0,347.0,215.0,65.0,27.0,343.0,218.0
2675,134.0,36.0,355.0,219.0,68.0,35.0,299.0,201.0
2676,144.0,38.0,361.0,221.0,68.0,42.0,260.0,183.0
2677,155.0,40.0,353.0,250.0,56.0,50.0,205.0,192.0
2678,149.0,39.0,336.0,235.0,44.0,54.0,215.0,210.0
2679,171.0,44.0,331.0,235.0,63.0,60.0,198.0,195.0
2680,154.0,38.0,364.0,215.0,51.0,51.0,229.0,190.0
2681,157.0,39.0,357.0,248.0,48.0,55.0,209.0,195.0
2682,151.0,38.0,336.0,227.0,30.0,55.0,232.0,221.0
2683,99.0,38.0,338.0,265.0,193.0,52.0,264.0,184.0
2687,109.0,40.0,348.0,267.0,161.0,48.0,270.0,202.0
2688,134.0,43.0,378.0,278.0,162.0,68.0,238.0,132.0
2691,135.0,39.0,345.0,220.0,82.0,31.0,244.0,183.0
2692,148.0,41.0,355.0,226.0,94.0,39.0,229.0,181.0
2693,127.0,37.0,339.0,176.0,263.0,15.0,347.0,264.0
2694,91.0,35.0,329.0,263.0,182.0,43.0,339.0,253.0
2696,144.0,34.0,323.0,131.0,-26.0,20.0,95.0,72.0
2697,134.0,32.0,324.0,86.0,211.0,23.0,133.0,75.0
2698,157.0,37.0,324.0,131.0,-14.0,27.0,68.0,52.0
2700,157.0,37.0,331.0,87.0,217.0,17.0,109.0,68.0
2701,158.0,36.0,307.0,149.0,-30.0,20.0,83.0,71.0
2709,149.0,37.0,276.0,85.0,120.0,17.0,113.0,94.0
2710,136.0,36.0,221.0,-71.0,49.0,15.0,162.0,123.0
2712,148.0,36.0,313.0,77.0,205.0,15.0,115.0,76.0
2713,172.0,36.0,321.0,148.0,-61.0,21.0,73.0,60.0
2715,158.0,36.0,315.0,200.0,-22.0,27.0,79.0,68.0
2716,172.0,35.0,331.0,157.0,-62.0,22.0,73.0,59.0
2719,159.0,36.0,333.0,174.0,152.0,27.0,76.0,61.0
2720,165.0,36.0,349.0,184.0,-12.0,24.0,71.0,54.0
2725,145.0,37.0,288.0,141.0,114.0,26.0,126.0,100.0
2726,143.0,34.0,314.0,76.0,197.0,23.0,145.0,80.0
2727,155.0,38.0,253.0,16.0,140.0,12.0,120.0,89.0
2729,157.0,37.0,286.0,98.0,-52.0,25.0,92.0,77.0
2731,165.0,37.0,315.0,196.0,-25.0,23.0,74.0,64.0
2735,151.0,37.0,276.0,39.0,163.0,21.0,157.0,90.0
2736,147.0,35.0,320.0,128.0,-26.0,24.0,91.0,72.0
2737,170.0,37.0,341.0,220.0,-19.0,32.0,66.0,54.0
2738,152.0,38.0,276.0,85.0,119.0,18.0,110.0,90.0
2739,125.0,31.0,328.0,97.0,231.0,26.0,120.0,66.0
2740,154.0,39.0,264.0,-56.0,153.0,19.0,166.0,97.0
2741,143.0,37.0,237.0,-61.0,136.0,15.0,155.0,107.0
2742,162.0,37.0,292.0,102.0,-56.0,20.0,88.0,78.0
2743,161.0,36.0,338.0,177.0,-18.0,18.0,77.0,62.0
2747,180.0,38.0,357.0,184.0,-19.0,26.0,61.0,48.0
2748,154.0,37.0,320.0,165.0,140.0,23.0,101.0,78.0
2752,141.0,36.0,280.0,174.0,108.0,25.0,129.0,105.0
2753,153.0,36.0,321.0,166.0,142.0,23.0,99.0,77.0
2754,140.0,35.0,258.0,154.0,84.0,13.0,110.0,99.0
